Label,Next_Packet_After_First_Stage,First_Stage_Time_Diff,Gap_23_Time,Gap_23_Time_Ratio,Type_3_Last_Time,A_IAT_StdDev,Type_6_Time_Ratio,Range_1,A_Silence_Max_Duration,A_Silence_Avg_Duration,A_Silence_Total_Duration,Gap_34_Time_Ratio,Range_2,Gap_34_Time,Probe_Time_Ratio,Range_1_2,A_Kurtosis,A_CV,A_IAT_Skew_Ratio,A_Skewness
HONOR-70_1,5.603617906570435,0.2029309272766113,0.0023519992828369,0.0115901470239227,0.0162389278411865,0.0350769974168666,-0.8541133566898588,2,0.1192522048950196,0.1192522048950196,0.1192522048950196,0.0132067757421098,3,0.0026800632476806,0.009214548718563,1,4.544770407329387,1.901370957910188,6.670498881548195,2.426995688469511
HONOR-70_1,4.803907871246338,0.201427936553955,0.0023629665374756,0.0117310765224596,0.0149519443511962,0.0365268998649892,-0.8562904657631532,5,0.1194369792938231,0.1194369792938231,0.1194369792938231,0.014570633840327,7,0.0029349327087402,0.0053263892998755,3,3.786659289079193,1.8133979074548592,7.902076891237094,2.2800737290980235
HONOR-70_1,4.534456014633179,0.2076501846313476,0.0021419525146484,0.0103151967740896,0.0143060684204101,0.0361197888445999,-0.8574323610594432,5,0.1190588474273681,0.1190588474273681,0.1190588474273681,0.0466939472850276,2,0.0096960067749024,0.0052207479665835,2,3.817541842208226,1.7394537312223124,4.560936187115184,2.285215413555923
HONOR-70_1,5.778409004211426,0.2012319564819336,0.0025980472564697,0.0129107091233938,0.0157580375671386,0.0365742274049277,-0.8576469027093885,4,0.1197328567504883,0.1197328567504883,0.1197328567504883,0.0125232812181585,5,0.0025200843811035,0.0066988298966383,3,3.836235641543244,1.8175158679735537,7.707011923401152,2.293584845917377
HONOR-70_1,4.36447811126709,0.2011151313781738,0.0022931098937988,0.0114019759631455,0.0160930156707763,0.0347219113085735,-0.8592001782966504,7,0.1183071136474609,0.1183071136474609,0.1183071136474609,0.0171646090632548,6,0.0034520626068114,0.0069362613183991,5,4.615361025535206,1.899116301080862,8.458217719558645,2.448452186512383
HONOR-70_1,4.601876974105835,0.2017698287963867,0.0015590190887451,0.0077267205807978,0.0154390335083007,0.0370744848983541,-0.8635280827712681,4,0.1208739280700683,0.1208739280700683,0.1208739280700683,0.0118293622471891,5,0.0023868083953857,0.0074490360210045,3,3.764362522396155,1.837464259127033,9.603510885465928,2.273324140604193
HONOR-70_1,4.482576847076416,0.2002718448638916,0.0010910034179687,0.0054476125623662,0.014056921005249,0.0384052042898848,-0.8569894559649334,5,0.1203029155731202,0.1203029155731202,0.1203029155731202,0.0117547479110142,5,0.0023541450500488,0.0052226128302225,3,3.0253419247396103,1.7258883236626277,9.641633728590072,2.1201594745080934
HONOR-70_2,5.8335020542144775,0.0333118438720703,0.002018928527832,0.0606069281419973,0.0040249824523925,0.0036240348979463,-0.6957844259948471,2,0.0105679035186767,0.0105679035186767,0.0105679035186767,0.0838462639564843,6,0.0027930736541748,0.0593758946464338,1,-0.4109617890207291,1.087911828556837,3.169174181300465,0.9883767583602608
HONOR-70_2,5.729249000549316,0.0317299365997314,0.001511812210083,0.0476462411240934,0.002810001373291,0.0033413746742817,-0.6816846376375995,2,0.0090699195861816,0.0090699195861816,0.0090699195861816,0.0930007138295063,5,0.00295090675354,0.0400871623398569,1,-1.0594139233430773,1.0530669242843782,2.342804706898467,0.6667803874512583
HONOR-70_2,5.735748052597046,0.047382116317749,0.0043449401855469,0.0917000025159137,0.0064761638641357,0.0043536793350142,-0.5681485395124157,2,0.0132038593292236,0.0132038593292236,0.0132038593292236,0.0550179887790277,5,0.0026068687438965,0.0172641960399514,1,0.0616234011107859,1.1944977504937566,3.513777777777705,1.1310330993327442
HONOR-70_2,5.742671966552734,0.0355260372161865,0.0021488666534424,0.0604870912104805,0.0032939910888671,0.002914646861429,-0.5860194487507291,2,0.0086450576782227,0.0086450576782227,0.0086450576782227,0.0615071775151525,6,0.0021851062774659,0.0311059211983317,1,-1.2113579397051963,0.738382994794309,1.194844523229141,0.272457461691237
HONOR-70_2,5.717315912246704,0.0357179641723632,0.0022439956665038,0.0628254078444984,0.0031149387359619,0.0051465097397157,-0.6147638373428043,2,0.0165300369262696,0.0165300369262696,0.0165300369262696,0.0647611673297183,6,0.0023131370544432,0.0241903185325591,1,2.121309599217251,1.2967868894745294,2.7166769738199177,1.7860215069071417
HONOR-70_2,4.539139032363892,0.0317010879516601,0.0024979114532471,0.0787957642670207,0.0042910575866699,0.0025692985111026,-0.5371077885743492,1,0.0085010528564454,0.0085010528564454,0.0085010528564454,0.0818567431786046,3,0.0025949478149414,0.0561806203182794,0,-0.1755888475852822,0.7294288017870053,1.7090040426313804,0.8059805365609568
HONOR-70_2,5.726178169250488,0.0578870773315429,0.0034761428833006,0.0600504126921352,0.0057029724121093,0.0061218430155798,-0.7000032949471983,2,0.0217950344085692,0.0217950344085692,0.0217950344085692,0.0729707243941419,6,0.0042240619659424,0.021351257846093,1,2.989875550543053,1.163304078830814,1.2277777777778436,1.9077140617298465
HONOR-70_2,5.756701946258545,0.0412268638610839,0.0020020008087158,0.0485605894123222,0.0020020008087158,0.0058026279786772,-0.3814466972784781,2,0.0185821056365967,0.0185821056365967,0.0185821056365967,0.0818133450537249,6,0.0033729076385498,0.0,1,1.538272108704179,0.9852409823751476,1.753134888081536,1.7551056745564584
HONOR-70_2,5.746462106704712,0.0408360958099365,0.0012781620025635,0.0312998090834258,0.0038080215454101,0.0051430952416215,-0.7819580917683999,2,0.0183210372924804,0.0183210372924804,0.0183210372924804,0.0562766013346654,5,0.00229811668396,0.0612684567284932,1,4.1257575499779255,1.511337988496947,3.313531828995717,2.260677111726474
HUAWEI-mate30_1,1.1716959476470947,0.3406300544738769,-7.1525573730000375e-06,-2.099802198619139e-05,0.002126932144165,0.005708728422619,-0.0842762611761971,1,0.0188710689544678,0.0188710689544678,0.0188710689544678,0.005789854595697,1,0.0019721984863281,0.0036641548366141,0,3.2252514358590743,1.5397766268330724,3.470617582583805,2.078710104884247
HUAWEI-mate30_1,1.2713119983673096,0.3610191345214844,-3.314018249520002e-05,-9.179619395832285e-05,0.0022120475769042,0.0036866987876333,-0.0564130538150232,1,0.009680986404419,0.009680986404419,0.009680986404419,0.0052158729487844,3,0.0018830299377442,0.0034241961559188,0,-0.8892347284913984,1.1381897458524255,3.872159451567848,0.851252086952575
HUAWEI-mate30_1,1.3052141666412354,0.3673310279846191,-8.106231689399999e-06,-2.2067919864747785e-05,0.0016050338745117,0.0073593263391445,-0.0771838478403944,1,0.0242178440093995,0.0242178440093995,0.0242178440093995,0.0068851909978462,3,0.0025291442871093,0.0043506254957166,0,4.370933053258334,1.9435613029744443,3.450377278507869,2.43474996988469
HUAWEI-mate30_1,1.309028148651123,0.3624100685119629,-0.0012099742889405,-0.0033386883921536,0.0023841857910156,0.0059147734843284,-0.0834553681504258,1,0.0188329219818116,0.0188329219818116,0.0188329219818116,-0.0065786963392185,3,-0.0023841857910156,0.0065701440339776,0,2.134974890597441,1.5067512562808414,5.74028580603713,1.818747518807728
HUAWEI-mate30_1,1.3005189895629885,0.3434889316558838,1.0967254638599992e-05,3.1928989926194406e-05,0.0009529590606689,0.0042146040929078,-0.0521851576007999,1,0.0125908851623534,0.0125908851623534,0.0125908851623534,0.0058138526005121,3,0.0019969940185546,0.0027160464691742,0,0.1124942977508158,1.318220045137939,7.036715961243555,1.167248963090375
HUAWEI-mate30_1,1.272536039352417,0.3796350955963135,-5.960464477599995e-06,-1.570050963870337e-05,0.0009260177612304,0.0043906138732693,-0.0655496277409162,1,0.0139439105987548,0.0139439105987548,0.0139439105987548,0.0075519451361391,3,0.0028669834136963,0.0024549316870825,0,1.2243920839161877,1.2655270058556152,2.5572241183163187,1.4660057962332884
HUAWEI-mate30_1,1.1363718509674072,0.4117779731750488,-0.0023009777069091,-0.005587908671188,0.0035789012908935,0.00344975589656,-0.0553452506539779,1,0.0111410617828369,0.0111410617828369,0.0111410617828369,0.0055421678375935,3,0.0022821426391601,0.0085940657347886,0,0.8296003725203551,1.3110174442672728,5.329475916388984,1.4033381054344654
HUAWEI-mate30_1,1.3383290767669678,0.4578220844268799,-7.867813110400135e-06,-1.718530708331683e-05,0.0023360252380371,0.006230454293533,-0.0676090811328761,1,0.0201079845428467,0.0201079845428467,0.0201079845428467,0.002406984525412,3,0.0011019706726074,0.0030360709180338,0,3.0426646807184223,1.693929472498577,6.1592800236059935,2.0718330630275266
HUAWEI-mate30_1,1.4222369194030762,0.3508188724517822,-1.0967254638700064e-05,-3.126187186582285e-05,0.0032789707183837,0.0043666145198816,-0.0760050861706312,1,0.0148930549621582,0.0148930549621582,0.0148930549621582,0.0046858827503108,3,0.0016438961029053,0.0063964508260949,0,2.5802400017641407,1.3163623761429633,3.1657722987671684,1.872028163159348
HUAWEI-mate50pro,1.7533929347991943,0.1610529422760009,-0.0302820205688476,-0.1880252551794581,0.0319139957427978,0.0303172860182348,-0.9573622697093286,2,0.0910689830780028,0.0910689830780028,0.0910689830780028,0.0851466680483492,6,0.0137131214141845,0.1880252551794581,1,1.9751374558956971,1.505953785868963,4.171161927350539,1.8338802912197785
HUAWEI-mate50pro,1.546670913696289,0.0708351135253906,0.0032961368560791,0.046532527330497,0.0082480907440185,0.005671642836737,-0.4311284937261022,1,0.0202488899230957,0.0202488899230957,0.0202488899230957,0.028925898002046,3,0.0020489692687988,0.0369432925844141,0,1.6587591925591605,1.1209553533906182,3.0234726279690043,1.542519625970434
HUAWEI-mate50pro,1.7652111053466797,0.2010631561279297,-0.029304027557373,-0.14574538727885,0.0314860343933105,0.0289362844725754,-0.8714971778209929,2,0.1027100086212158,0.1027100086212158,0.1027100086212158,0.0662773324479437,6,0.0133259296417236,0.1564684817151255,1,4.777338266229647,1.726996732558857,5.728075548749368,2.407392736170896
HUAWEI-mate50pro,2.0037310123443604,0.0621359348297119,0.004734992980957,0.0762037779576922,0.0058889389038085,0.0085515256115939,-0.3337502925749279,2,0.0293440818786621,0.0293440818786621,0.0293440818786621,0.0628124796156816,4,0.0039029121398926,0.0180724971893612,1,3.5788345635246586,1.5138869638853916,1.7856444715943762,2.1335407075488857
HUAWEI-mate50pro,1.4893670082092283,0.0760998725891113,0.0079140663146972,0.103995789289003,0.0114500522613525,0.0080386197970363,-0.5120901292663201,1,0.0242240428924561,0.0242240428924561,0.0242240428924561,-0.1504608598121466,4,-0.0114500522613525,0.0463460176824796,1,-0.4106160115870558,0.9506925006820476,1.300915828161728,0.7915926709604427
HUAWEI-mate50pro,1.532784938812256,0.0657949447631836,0.0032360553741454,0.0491839515299095,0.008599042892456,0.011115973758301,-0.8385151686451846,2,0.0355470180511474,0.0355470180511474,0.0355470180511474,0.0486186604049809,6,0.0031988620758057,0.0815106318215412,1,2.915568462549026,1.520538761523371,3.879645226205517,2.0745036449748966
HUAWEI-mate50pro,1.654695987701416,0.0634770393371582,0.0068140029907227,0.107345948422864,0.0078530311584472,0.0067511560797795,-0.4632402100344797,2,0.0219259262084961,0.0219259262084961,0.0219259262084961,0.0676302010952452,5,0.0042929649353028,0.0163047152590487,1,0.8935922710147408,1.1699146282347714,1.5068865933577489,1.259723256053109
HUAWEI-mate50pro,1.8598721027374268,0.0654621124267578,0.0049710273742675,0.0759374726843611,0.0061750411987304,0.0081597038652801,-0.3683058477317094,2,0.0256040096282959,0.0256040096282959,0.0256040096282959,0.0346762914833487,3,0.002269983291626,0.0179809737478509,1,1.061376206533538,1.3711250552524663,5.889507404684314,1.4516762572411022
HUAWEI-mate50pro,1.8249199390411377,0.1552200317382812,-0.0287818908691406,-0.1854263946915709,0.0440828800201416,0.0162852778121446,-0.8221107766035884,2,0.0554170608520507,0.0554170608520507,0.0554170608520507,0.0829595723765047,6,0.0128769874572753,0.2838228065863848,1,1.802973172668322,1.1540910920288832,1.1578781707091503,1.5435728991050832
HUAWEI-mate50pro,1.8159558773040767,0.1205759048461914,-0.0299360752105713,-0.2482757666115651,0.0432219505310058,0.0096746467050476,-0.7599103873197655,2,0.0285899639129639,0.0285899639129639,0.0285899639129639,0.1171470264883379,6,0.0141251087188721,0.3581818038012225,1,-0.9468279105609652,0.8023698198565299,0.9258291809405168,0.1745473413895579
HUAWEI-MateBook,0.0,0.0342271327972412,2.0027160644500025e-05,0.0005851252795008,0.002835988998413,0.0046322698976252,-0.6986256521708845,0,0.0148808956146241,0.0148808956146241,0.0148808956146241,-0.0828579190437356,0,-0.002835988998413,0.0413140241991078,0,1.7565311998539066,1.218052044429127,2.5363732993197354,1.645798320907535
HUAWEI-MateBook,0.0,0.0324828624725341,2.0027160644500025e-05,0.0006165454371958,0.0027940273284912,0.0064105581775598,-0.9266677921067504,0,0.0179839134216307,0.0179839134216307,0.0179839134216307,0.0003009328919631,0,9.775161743099878e-06,0.0465785398148892,0,0.7950591733913028,1.5788160745944868,7.590012892135753,1.508965926228736
HUAWEI-MateBook,0.0,0.0222868919372558,-7.867813110299954e-06,-0.0003530242409955,0.0011780261993408,0.0033272253202255,-0.8573140204112213,0,0.0100359916687012,0.0100359916687012,0.0100359916687012,0.0433364000085569,0,0.0009658336639404,0.0525364256830452,0,1.2872313943241176,1.6421975134765037,6.17205628239963,1.677152597789248
HUAWEI-MateBook,0.0,0.0233869552612304,0.0,0.0,0.0,0.0036019613149939,-0.7116788321167871,0,0.0091118812561035,0.0091118812561035,0.0091118812561035,0.0,0,0.0,0.0,0,-1.626147796191445,0.7700791477044202,0.9684321213127534,0.1647138728407192
HUAWEI-MateBook,0.0,0.0306618213653564,0.0011548995971678,0.0376657206173921,0.0025739669799804,0.0051523987692107,-0.7959721628241511,0,0.0150561332702636,0.0150561332702636,0.0150561332702636,0.032774775475293,0,0.0010049343109131,0.0453015046071303,0,0.8197804163922622,1.3443164273423809,6.046039089793428,1.4158144830977053
HUAWEI-MateBook,0.0,0.0282409191131591,-7.867813110299954e-06,-0.0002785962127781,0.0015430450439453,0.0047304174940459,-0.907370980405401,0,0.0159640312194824,0.0159640312194824,0.0159640312194824,0.033456872462031,0,0.0009448528289795,0.0543853576584388,0,3.9402025295281016,2.0100270002225877,12.352121504339182,2.288687239782231
HUAWEI-MateBook,0.0,0.0255517959594726,3.290176391610019e-05,0.0012876497592687,0.0029988288879394,0.0042703313468809,-0.9310080991303716,0,0.0133159160614014,0.0133159160614014,0.0133159160614014,0.0327604224984143,0,0.0008370876312255,0.1158045011756768,0,2.146564554771356,1.671245087294074,5.401859590472372,1.866097616279663
HUAWEI-MateBook,0.0,0.0197739601135253,0.0009169578552246,0.0463719887144611,0.0025599002838134,0.0047290421024953,-0.7745544864838793,0,0.0127561092376709,0.0127561092376709,0.0127561092376709,-0.1294581494610399,0,-0.0025599002838134,0.0,0,0.922866963530142,1.4349302037665252,3.856560717196541,1.632667645938791
HUAWEI-MateBook,0.0,0.0306000709533691,-0.0012319087982177,-0.0402583641095143,1.4066696166992188e-05,0.0081566497321508,-0.8890499119567402,0,0.0239379405975341,0.0239379405975341,0.0239379405975341,0.1063063905380765,0,0.0032529830932617,0.0407180589967722,0,3.059957413246682,2.1324525017162657,6.716383092563202,2.234745431601912
HUAWEI-MateBook,0.0,0.0299339294433593,0.0009338855743408,0.0311982286224062,0.0023829936981201,0.0057772400133263,-0.8884207340384854,0,0.0165319442749023,0.0165319442749023,0.0165319442749023,0.0010354275519305,0,3.099441528320009e-05,0.0484102204664171,0,1.053070094102833,1.5439977632760948,7.75905639364152,1.5553881694892044
HUAWEI-PadSE,2.8405749797821045,0.0323750972747802,5.960464477499923e-06,0.0001841064577169,0.0018751621246337,0.0037239819407672,-0.5587336421412316,1,0.0106849670410156,0.0106849670410156,0.0106849670410156,0.0459897931379855,3,0.0014889240264893,0.0275570545912454,0,-0.2955874442902475,1.265287359625942,4.405924739791714,1.1187438048341052
HUAWEI-PadSE,2.010936975479126,0.0386409759521484,6.914138794000065e-06,0.0001789328199826,0.0020809173583984,0.0041878198079919,-0.5628239301051382,2,0.0120089054107666,0.0120089054107666,0.0120089054107666,0.0718137617848861,6,0.0027749538421631,0.0227738289155419,1,-0.0240397825730775,1.3005323094876344,6.056598388180042,1.2016629240570809
HUAWEI-PadSE,2.5561230182647705,0.0404098033905029,7.1525573730000375e-06,0.0001770005487005,0.0022399425506591,0.0056836603522744,-0.3545674991592476,1,0.0193419456481932,0.0193419456481932,0.0193419456481932,0.0324914007233421,6,0.0013129711151123,0.0307803954192245,1,3.44026792114004,1.547155854010235,4.467768294897463,2.107716442205683
HUAWEI-PadSE,2.2031800746917725,0.0352430343627929,6.198883056700039e-06,0.0001758895954556,0.0021939277648925,0.0052734318269254,-0.8201325936950354,1,0.0180840492248535,0.0180840492248535,0.0180840492248535,0.0604654309295099,6,0.0021309852600098,0.0362873765390317,0,4.042284155826328,1.645935179673984,3.629056924384029,2.2915379170819032
HUAWEI-PadSE,1.981845140457153,0.039355993270874,0.0012960433959961,0.0329312841141086,0.0024521350860595,0.0046703454897722,-0.4707065444566278,1,0.0136168003082274,0.0136168003082274,0.0136168003082274,0.0316045822706605,5,0.0012438297271729,0.0293752385337199,0,-0.3881953064389627,1.186692318404439,5.612146813104192,0.907940025024172
HUAWEI-PadSE,1.9574449062347408,0.0467429161071777,0.0012280941009521,0.0262733736623594,0.0021669864654541,0.0059587595762693,-0.5044171503769369,2,0.018244981765747,0.018244981765747,0.018244981765747,0.0426566150142293,5,0.0019938945770263,0.0195099309373931,1,1.1524192298200182,1.529752973718553,7.581972277227521,1.62137140405859
HUAWEI-PadSE,12.710445165634155,0.0378730297088623,0.0026938915252686,0.0711295490742909,0.0038120746612548,0.0052653876773147,-0.8029222353022621,2,0.018177032470703,0.018177032470703,0.018177032470703,0.0454702834731922,6,0.0017220973968506,0.0288635261975041,1,3.828281627115953,1.5293010592418854,2.889381143569124,2.2157501540915407
HUAWEI-PadSE,2.135658025741577,0.0399360656738281,1.4066696166999994e-05,0.0003522303944982,0.002087116241455,0.0049049218834672,-0.670575031044035,2,0.0160901546478271,0.0160901546478271,0.0160901546478271,0.0549360015283222,6,0.0021939277648926,0.0518315980513882,1,1.7790982614693691,1.3510129204714991,3.615691672402079,1.6455157924988444
HUAWEI-PadSE,2.802182912826538,0.043997049331665,0.0015819072723388,0.0359548491630412,0.0022890567779541,0.005892017914272,-0.4087093645176841,2,0.020176887512207,0.020176887512207,0.020176887512207,0.0553655906403579,5,0.0024359226226806,0.015433219354383,1,3.3453576504893388,1.4731032658216718,2.6053748231965046,2.058961571972779
HUAWEI-PadSE,2.705784797668457,0.0358469486236572,0.0010371208190918,0.0289319135634142,0.0020029544830322,0.005552469914554,-0.8188928721076384,2,0.0180778503417968,0.0180778503417968,0.0180778503417968,0.0614287709590089,6,0.0022020339965819,0.0262182996016025,1,2.825643760647748,1.548937950855227,4.046106285882592,1.9918702252588785
HUAWEI-PadSE,1.9426298141479488,0.0355370044708251,0.001328945159912,0.0373960940068296,0.0025458335876464,0.0038453633973135,-0.6664877593876016,2,0.012411117553711,0.012411117553711,0.012411117553711,0.049049666897012,5,0.0017430782318116,0.0334310614345209,1,0.8700855808741905,1.1902803289223478,3.0072493502938564,1.330367105566631
HUAWEI-PadSE,2.076389074325561,0.0390200614929199,0.0018479824066163,0.0473598025198297,0.002958059310913,0.0050757360602961,-0.7339089098263478,2,0.0175061225891113,0.0175061225891113,0.0175061225891113,0.0518446554484253,3,0.0020229816436768,0.0281433686500201,1,3.3898955197167933,1.4308818214801864,2.327957682879465,2.070864291099919
HUAWEI-PadSE,2.1296639442443848,0.0377471446990966,0.0012340545654297,0.0326926599420176,0.0020489692687988,0.0044106063911609,-0.6071448873505416,2,0.0121500492095947,0.0121500492095947,0.0121500492095947,0.0562205112333646,6,0.002122163772583,0.0209824220106972,1,-0.2526345348161234,1.285307026253867,5.408031451839527,1.1611727025192389
HUAWEI-PadSE,1.9020259380340576,0.0352349281311035,0.0029470920562744,0.0836412109401428,0.003829002380371,0.003994815743517,-0.7303804149242811,2,0.0134310722351074,0.0134310722351074,0.0134310722351074,0.0434750246978756,6,0.0015318393707275,0.0243189476675729,1,1.9618007696350648,1.2471424098037749,1.865394076552178,1.658898390195597
HUAWEI-PadSE,2.0787792205810547,0.0429780483245849,7.1525573730000375e-06,0.0001664235034355,0.0021920204162597,0.0047788965695615,-0.5691794766535566,2,0.0135881900787353,0.0135881900787353,0.0135881900787353,0.0321141887131593,5,0.001380205154419,0.0302946250755832,1,-0.4403093808578786,1.2231328390755936,6.86837104853997,1.0015265187661442
OPPO-A36,11.566805124282835,0.2029480934143066,0.001107931137085,0.0054591847523456,0.0142631530761718,0.0369305965038269,-0.8614516003975441,10,0.1208319664001465,0.1208319664001465,0.1208319664001465,0.0236012527812825,4,0.0047898292541503,0.0079685066010666,3,3.825022853391412,1.8197065014272071,7.291417673235796,2.290178025656877
OPPO-A36,11.47411608695984,0.198958158493042,1.0013580322299886e-05,5.033008145102068e-05,0.0136210918426513,0.0365487565567611,-0.8553405608928073,8,0.1190938949584961,0.1190938949584961,0.1190938949584961,0.0126052887328925,2,0.0025079250335694,0.0062828718344471,2,3.74686224968816,1.8370071794788625,8.016943439250412,2.266291263764481
OPPO-A36,11.344034194946287,0.2091600894927978,0.0031440258026123,0.0150316717220593,0.0164291858673095,0.0391656094839118,-0.8677755474015739,6,0.1277890205383301,0.1277890205383301,0.1277890205383301,0.0080270745633383,3,0.0016789436340331,0.0069612815050135,2,3.886711056203412,1.872518298251179,10.125510385229902,2.307944750685593
OPPO-A36,11.4584698677063,0.2072620391845703,0.0011389255523681,0.0054950996180919,0.0142958164215087,0.0396007367691274,-0.870424009570699,7,0.1288738250732422,0.1288738250732422,0.1288738250732422,0.0085262043896379,5,0.0017671585083008,0.0065764045460818,4,3.908107060697557,1.9106603855162467,10.70266500622661,2.314483491126204
OPPO-A36,11.331866979599,0.1995999813079834,0.002629041671753,0.0131715526951697,0.01544189453125,0.0362537978816053,-0.8554915711379707,6,0.1184990406036377,0.1184990406036377,0.1184990406036377,0.0102713504693715,5,0.0020501613616943,0.0049547112160658,3,3.7836554294125806,1.8163227092524452,7.742328413016583,2.278335104335897
OPPO-A36,11.555366039276125,0.2064769268035888,0.0024878978729247,0.0120492779093492,0.0158281326293945,0.0358065051989862,-0.8282039705459532,6,0.1178278923034668,0.1178278923034668,0.1178278923034668,0.0092791564235292,4,0.0019159317016601,0.0072699811899627,3,3.7479005276847728,1.7341649623179074,4.437342119714467,2.264770096033253
OPPO-A36,11.380383968353271,0.1996359825134277,0.0028800964355469,0.0144267401060987,0.0151598453521728,0.0370260320674181,-0.8686856141038104,5,0.1205790042877197,0.1205790042877197,0.1205790042877197,0.0127034134526961,4,0.0025360584259032,0.0051640086273813,3,3.776542525098166,1.854677278176932,12.262852386639116,2.2776558389859267
OPPO-A36,11.314232110977173,0.1993861198425293,0.0019631385803223,0.0098459139576653,0.0158901214599609,0.0368323214643594,-0.8666449037769373,8,0.119891881942749,0.119891881942749,0.119891881942749,0.0081945650172309,3,0.001633882522583,0.0099200512743245,3,3.74147120558193,1.8472861347343927,11.398947900859886,2.267266257467654
OPPO-A36,11.250411033630373,0.1961290836334228,0.0018529891967774,0.0094478042850633,0.0148110389709472,0.0541644727205622,-0.8897407688801096,6,0.1574909687042237,0.1574909687042237,0.1574909687042237,0.0112274730284149,4,0.002202033996582,0.0054155903358149,2,2.958502865592343,2.2093397559251944,28.3255027788925,2.198267989263827
OPPO-A36,11.557728052139282,0.2061119079589843,1.0967254638699847e-05,5.321019414793978e-05,0.0015149116516113,0.0387417669892532,-0.83697668930799,7,0.121708869934082,0.121708869934082,0.121708869934082,0.0689048879347043,3,0.0142021179199219,0.0072967370583551,2,3.0068993587784405,1.6916824765537812,5.781711606096106,2.106739518305505
OPPO-A36,11.170711040496826,0.2001729011535644,0.0042529106140137,0.0212461856200557,0.0171248912811279,0.0361311837035477,-0.8668498521890549,4,0.1181328296661377,0.1181328296661377,0.1181328296661377,0.0170607894843412,3,0.0034151077270508,0.0054800818498636,2,3.7592073788472176,1.804998753344208,9.046690707350784,2.2713503849264005
OPPO-A36,11.170842170715332,0.2006731033325195,0.0018060207366943,0.0089998146572821,0.0153031349182128,0.0354559088231363,-0.8710537446357539,7,0.1204209327697753,0.1204209327697753,0.1204209327697753,0.0230121993527263,3,0.0046179294586181,0.0096829689051946,2,4.625861609483962,1.94353398924736,10.014862804878046,2.449535562824349
OPPO-A36,11.260958909988403,0.198758840560913,0.0014500617980957,0.0072955839046128,0.0147109031677246,0.038359757454564,-0.8635538682068722,5,0.1198539733886719,0.1198539733886719,0.1198539733886719,0.0088201954045738,5,0.0017530918121337,0.0076722385159323,3,2.9862194816100818,1.7369683588251368,8.222734927585039,2.1086634048173187
OPPO-A36,11.146858930587769,0.2067430019378662,0.0035450458526612,0.0171471141438036,0.0159049034118652,0.0356227084200338,-0.8355484620183753,3,0.1176388263702392,0.1176388263702392,0.1176388263702392,0.020702467759066,4,0.0042800903320312,0.0053059299331247,2,3.823283083071204,1.723043009249706,4.8185257748514445,2.28848953196292
OPPO-A36,11.241205215454102,0.1956310272216797,0.0012760162353516,0.0065225657375181,0.0150680541992187,0.0360137775834664,-0.8647042908537832,6,0.1171209812164306,0.1171209812164306,0.1171209812164306,0.0100702467655288,5,0.0019700527191161,0.0094060467791781,4,3.6958065096555472,1.840903158099631,11.24022689671467,2.2534122880848098
OPPO-FINDX3PRO_2,10.726315021514893,0.0747480392456054,0.0032660961151123,0.0436947396624095,0.0055899620056152,0.0126880456923862,-0.3435008101659877,2,0.0420811176300049,0.0420811176300049,0.0420811176300049,0.0395992549024611,6,0.0029599666595459,0.0307033771801115,1,3.668466279948749,1.8671861365842384,9.745250560956972,2.233385141978653
OPPO-FINDX3PRO_2,10.744894981384276,0.0529251098632812,0.0009610652923584,0.0181589664119937,0.0038039684295654,0.006217395734011,-0.5196410552111862,0,0.0164949893951415,0.0164949893951415,0.0164949893951415,-0.0718745495170818,1,-0.0038039684295654,0.0283984431310355,0,-1.1023244810697352,1.0572781379320626,6.6530806876649,0.6812005381717547
OPPO-FINDX3PRO_2,10.71226406097412,0.0590541362762451,0.0025629997253418,0.0434008502529361,0.0053160190582275,0.0084740969306202,-0.3998207443952338,2,0.029400110244751,0.029400110244751,0.029400110244751,0.034240242883269,4,0.0020220279693603,0.0191004113996859,1,4.173477127770129,1.57846803144794,3.543450064850954,2.308220040549521
OPPO-FINDX3PRO_2,10.72765612602234,0.0625419616699218,0.0044357776641846,0.0709248246416596,0.0051989555358886,0.0092993183180179,-0.3816788655077765,2,0.0323050022125244,0.0323050022125244,0.0323050022125244,0.0537092101250379,6,0.0033590793609618,0.0116422689844453,1,4.445863861860936,1.6355819159953335,1.6557598126197963,2.366751242399998
OPPO-FINDX3PRO_2,10.619334936141968,0.055272102355957,0.0060329437255858,0.109149886985178,0.0070869922637939,0.0080432890235027,-0.3534862052901283,2,0.0281171798706055,0.0281171798706055,0.0281171798706055,0.0646082440429973,4,0.0035710334777831,0.0185094121503872,1,4.534455522549647,1.6007384464722547,1.3472634133189376,2.3828640386870426
OPPO-FINDX3PRO_2,10.696164846420288,0.0739998817443847,0.0033547878265381,0.0453350430765069,0.0056219100952148,0.0122130084499926,-0.2872690719058696,2,0.0408539772033691,0.0408539772033691,0.0408539772033691,0.0429186346970466,2,0.0031759738922119,0.030243767277319,1,3.766538239537813,1.815450103203896,8.7429157345266,2.212159433181471
OPPO-FINDX3PRO_2,10.709430932998655,0.078042984008789,0.0041399002075195,0.053046411027201,0.0051698684692382,0.0154203300481369,-0.3208110320893508,1,0.0471007823944091,0.0471007823944091,0.0471007823944091,0.0273847056235793,6,0.0021371841430664,0.0127361487890117,0,2.491410894068447,1.7782888775447545,10.044511378848766,1.9850037773162124
OPPO-FINDX3PRO_2,10.7396399974823,0.084501028060913,-0.0010468959808349,-0.0123891508169609,0.0,0.0148693550123489,-0.3377461394999759,1,0.0460731983184814,0.0460731983184814,0.0460731983184814,0.105015758006675,5,0.0088739395141601,0.0123891508169609,1,2.388412965280549,1.4077324599298686,2.2681741136176967,1.964886848748877
OPPO-FINDX3PRO_2,10.746639013290403,0.0677790641784668,7.867813110299954e-06,0.0001160802853456,0.0021979808807373,0.0153864858154178,-0.241724882688559,0,0.0500261783599853,0.0500261783599853,0.0500261783599853,0.0309406724214341,2,0.0020971298217773,0.0148582765243452,0,4.727542864406577,2.2700941657890388,8.389443198803892,2.55034290180166
OPPO-FINDX3PRO_2,10.719262838363647,0.051865816116333,0.0033800601959228,0.0651693244032149,0.0045249462127685,0.0071034043105787,-0.6429270804124274,1,0.0178439617156983,0.0178439617156983,0.0178439617156983,0.053424411949932,3,0.0027709007263184,0.0218625454512017,0,-0.7145221664227672,1.2326160770673122,5.243727413525986,0.9817471361655412
OPPO-FINDX3PRO_2,10.61944580078125,0.0635550022125244,0.0032808780670166,0.0516226567980522,0.0054190158843994,0.0114146920673219,-0.868004156522326,2,0.0381200313568115,0.0381200313568115,0.0381200313568115,0.0860340099561459,6,0.0054678916931152,0.0157970356643108,1,4.440983500845549,1.796033619690834,2.3756366139022957,2.4525795199565854
OPPO-FINDX3_2,9.45176911354065,0.0545811653137207,0.0021910667419434,0.0401432752369727,0.0059230327606201,0.0085375256841184,-0.5670816406761884,4,0.0236291885375977,0.0236291885375977,0.0236291885375977,-0.1085178875638838,6,-0.0059230327606201,0.047490499279254,3,-0.3041595081739654,1.2513511772856527,7.886563706563742,1.0315637426413398
OPPO-FINDX3_2,9.351985216140749,0.0631911754608154,0.0047841072082519,0.0757084699463852,0.0058801174163818,0.0097351076016192,-0.429458616149077,4,0.0302309989929198,0.0302309989929198,0.0302309989929198,0.0676531732586785,5,0.00427508354187,0.0167595446776554,3,1.7118914538609404,1.5405802361843983,5.641206935375033,1.7204867789273497
OPPO-FINDX3_2,9.344453811645508,0.0483438968658447,0.0045311450958252,0.093727344909725,0.0064430236816406,0.007198324782203,-0.3895220669826255,3,0.0238468647003172,0.0238468647003172,0.0238468647003172,-0.1332748102520597,5,-0.0064430236816406,0.0206195227081056,2,3.087907707832584,1.488983149657667,3.629896539422004,2.085871467531176
OPPO-FINDX3_2,9.494329929351808,0.0584738254547119,0.007310152053833,0.1250157997529121,0.0085690021514892,0.0059659342223144,-0.583832469613507,2,0.0187480449676514,0.0187480449676514,0.0187480449676514,0.0982479603028668,3,0.0057449340820312,0.0215284375165634,1,-0.0365272148769562,0.9182468836833,1.3664591633466012,0.936416422458493
OPPO-FINDX3_2,9.315356969833374,0.0528459548950195,0.0012030601501465,0.0227654160576041,0.0036389827728271,0.0098071463019038,-0.8858571093425737,3,0.032155990600586,0.032155990600586,0.032155990600586,0.0365031671268467,3,0.0019290447235107,0.0460947792034348,1,3.995973004667528,1.855798863202709,6.118481012658428,2.345199595281978
OPPO-FINDX3_2,9.36604619026184,0.0634729862213134,-6.91413879390021e-06,-0.0001089304160007,0.0024151802062988,0.0073400746359326,-0.4677584749741754,2,0.022935152053833,0.022935152053833,0.022935152053833,0.1037919053432252,2,0.0065879821777343,0.0381594515916976,1,0.4529380995784136,1.040768296186,1.3801253486939524,1.167516997083158
OPPO-FINDX3_2,9.354969024658203,0.0613529682159423,0.0066518783569336,0.1084198295593649,0.0080130100250244,0.0082853103507353,-0.4690070842060669,4,0.0279011726379394,0.0279011726379394,0.0279011726379394,0.0658018987071218,5,0.0040371417999267,0.0217772302813854,2,2.982445762031566,1.3504334984370667,2.444468585913464,1.989742814074004
OPPO-FINDX3_2,9.341399908065796,0.0551080703735351,7.152557373100001e-06,0.0001297914683751,0.0030138492584228,0.0074493056198918,-0.5010340053647135,2,0.0229618549346924,0.0229618549346924,0.0229618549346924,0.0494159383923155,6,0.002723217010498,0.015168296270657,1,1.2255656449234582,1.4869394131092928,6.132894014277967,1.6267792636996017
OPPO-FINDX3_2,9.457815885543823,0.0631208419799804,0.0028150081634522,0.0445971263239013,0.0052540302276611,0.0118969393137865,-0.896739540997477,4,0.0396180152893066,0.0396180152893066,0.0396180152893066,0.0779458201761669,6,0.0049200057983398,0.038640518530828,3,4.613111915585344,1.8847878039332555,2.3967819597142888,2.509394189546195
OPPO-FINDX3_2,9.353617906570436,0.0656299591064453,0.0047159194946289,0.0718562004126826,0.0129129886627197,0.0069031028422935,-0.5858133046586641,1,0.0211820602416991,0.0211820602416991,0.0211820602416991,0.0387943561277574,1,0.0025460720062256,0.0175680781190958,0,-0.124005255235069,0.946639711901636,1.7650695272149026,0.9982147666274104
OPPO-FINDX3_2,9.347832202911375,0.0629851818084716,0.0042839050292969,0.0680144901752226,0.0053222179412841,0.0130029750823549,-0.4746857244519814,3,0.0330870151519775,0.0330870151519775,0.0330870151519775,0.0508367432687688,5,0.003201961517334,0.0163071250932128,2,-0.4227764639517506,1.4451149137469368,7.138510796723712,1.114888739466528
OPPO-FINDX5_2,0.0,0.0586590766906738,0.0029129981994628,0.0496598031166425,0.0101041793823242,0.0061799146300155,-0.4949112724257615,0,0.0200040340423584,0.0200040340423584,0.0200040340423584,0.0613004706666547,0,0.0035958290100096,0.1225074583187673,0,0.5729841990545523,0.9481777553955804,0.9045796786462696,1.0552692625721167
OPPO-FINDX5_2,0.0,0.0607330799102783,0.0027608871459961,0.0454593633333727,0.0038409233093261,0.0071718672183942,-0.4404690401322167,0,0.0244958400726318,0.0244958400726318,0.0244958400726318,0.0484271766908885,0,0.0029411315917969,0.0176184475509649,0,2.6212350800214024,1.4170598090508928,3.4703462117410853,1.9103140954427016
OPPO-FINDX5_2,0.0,0.068572998046875,0.0022678375244141,0.0330718736092573,0.0049099922180175,0.0068234045774163,-0.4977921951490875,0,0.0204408168792724,0.0204408168792724,0.0204408168792724,0.0867267467734761,0,0.0059471130371093,0.0384714341344001,0,-0.2295105490830855,1.0945627650736776,3.548240250033965,1.0075484364806817
OPPO-FINDX5_2,0.0,0.0649189949035644,0.0027899742126465,0.0429762385691728,0.0041959285736083,0.0086217238817118,-0.4475595872048185,0,0.0284018516540527,0.0284018516540527,0.0284018516540527,0.0545154063682105,0,0.0035390853881836,0.021521172279554,0,2.2999723385697406,1.460881562317944,4.161339941890256,1.8232356280691735
OPPO-FINDX5_2,0.0,0.0586750507354736,0.0045740604400635,0.07795579863552,0.0068109035491943,0.008958121636568,-0.4676779046001434,0,0.0298130512237549,0.0298130512237549,0.0298130512237549,0.0822345297256001,0,0.0048251152038574,0.0380737989687154,0,3.3833476800111804,1.5267343656768462,2.2087270686450147,2.1200812655245405
OPPO-FINDX5_2,0.0,0.0665538311004638,0.0031020641326904,0.0466098507238117,0.0041289329528808,0.0087855934320322,-0.3945663037754291,0,0.0330700874328614,0.0330700874328614,0.0330700874328614,0.0508907493184595,0,0.0033869743347167,0.0152643589220008,0,5.998204609277684,1.8481025962695383,6.767112962412147,2.611680631688557
OPPO-FINDX5_2,0.0,0.0808069705963134,0.0038061141967773,0.0471013103039274,0.0055761337280273,0.0112820735435692,-0.3993461757477223,0,0.037100076675415,0.037100076675415,0.037100076675415,0.0126958743571659,0,0.001025915145874,0.0219042926394613,0,2.487175560104988,1.5357933611846617,9.265250544662516,1.8835575255451216
OPPO-FINDX5_2,0.0,0.0691049098968505,0.0018980503082275,0.0274662149340853,0.0042488574981689,0.010598299369825,-0.3378334086604316,0,0.0371708869934082,0.0371708869934082,0.0371708869934082,0.0539767532525774,0,0.0037300586700439,0.0340041470154944,0,4.979763827446566,1.6870189577280543,1.1117929050815416,2.519356057904501
OPPO-FINDX5_2,0.0,0.0609939098358154,0.0034670829772949,0.0568431010018485,0.0066089630126953,0.0084946608698587,-0.4535369605241028,0,0.0270190238952637,0.0270190238952637,0.0270190238952637,-0.1083544739218298,0,-0.0066089630126953,0.0200330692225604,0,1.6589881162539255,1.2534357616116654,3.150763306285266,1.659626215086798
OPPO-FINDX5_2,0.0,0.0810639858245849,0.0054759979248047,0.0675515504092564,0.0065128803253173,0.0109717607342954,-0.4750696309193627,0,0.0360069274902344,0.0360069274902344,0.0360069274902344,0.0938774789930799,0,0.0076100826263428,0.0127673842009124,0,2.3318561624274663,1.4888161105032602,3.084336115520514,1.8591577575852467
OPPO-FINDX5_2,0.0,0.0847411155700683,0.0030050277709961,0.0354612722617675,0.0039081573486328,0.0194292560489685,-0.8994232338294467,0,0.0605261325836182,0.0605261325836182,0.0605261325836182,0.0561573305573532,0,0.0047588348388672,0.0106096840446771,0,3.7646543003693855,2.0635001470582544,5.297318311647073,2.350247929695429
OPPO-FINDX5_2,0.0,0.0725190639495849,0.0032801628112793,0.0452317312528973,0.004518985748291,0.0091802086806651,-0.4246220004142463,0,0.030059814453125,0.030059814453125,0.030059814453125,0.0617654117639316,0,0.0044791698455809,0.0170301183231567,0,1.916146077198768,1.3924930906101989,3.7836168047681498,1.7001670427925504
OPPO-FINDX5_2,0.0,0.0646760463714599,0.001971960067749,0.0304898053975541,0.0039129257202148,0.0104010347639309,-0.3096645052364604,0,0.0362691879272461,0.0362691879272461,0.0362691879272461,0.0499721680533491,0,0.0032320022583007,0.0298704985051839,0,5.056952541551853,1.7689915946025971,2.538780207134577,2.54148144227865
OPPO-FINDX5_2,0.0,0.0628881454467773,0.0036499500274657,0.0580387607479183,0.0049309730529785,0.009124434835926,-0.3330527880138899,0,0.0320720672607422,0.0320720672607422,0.0320720672607422,0.0641463081752417,0,0.0040340423583983,0.0202295922235864,0,4.715320195975042,1.595988917818047,1.0024822000130755,2.432374090993138
OPPO-FINDX5_2,0.0,0.067652940750122,0.000782012939453,0.0115591862050976,0.0042688846588134,0.0107965730757305,-0.3143534785044942,0,0.0377111434936524,0.0377111434936524,0.0377111434936524,0.0410210144595554,0,0.0027751922607421,0.0514242820441434,0,5.071023114690533,1.7554640273759572,1.8315222354122789,2.5469105021645158
OPPO-FINDX5_2,0.0,0.0727238655090332,0.0046219825744628,0.0635552379141451,0.0057480335235595,0.0102545059400474,-0.4089716942162305,0,0.0349688529968261,0.0349688529968261,0.0349688529968261,0.0498449312517627,0,0.0036249160766602,0.0153724600525853,0,3.5264728842647437,1.5510666897445242,2.589318600368289,2.122572570801908
IQOO-Z9X,10.180529832839966,0.2044508457183838,1.0013580322299886e-05,4.897793544025182e-05,0.0140209197998046,0.0364465402584534,-0.8310214581664289,7,0.1192240715026854,0.1192240715026854,0.1192240715026854,0.00561030589053,4,0.0011470317840576,0.0070668163992118,1,3.7122799751234634,1.7826553923213364,4.912204680147067,2.2527382061900307
IQOO-Z9X,10.27394986152649,0.207007884979248,4.0531158447e-06,1.957952396405728e-05,0.0141170024871826,0.0361730780280908,-0.815123224309937,8,0.1188030242919922,0.1188030242919922,0.1188030242919922,0.006177915679052,4,0.0012788772583006,0.0034874587390324,1,3.7324437574915033,1.7474251298068717,3.771212221501463,2.2521191972980743
IQOO-Z9X,10.381669998168944,0.2125248908996582,5.006790161200033e-06,2.355860595907303e-05,0.0133280754089355,0.0387186255473783,-0.8401885137212051,8,0.1265010833740235,0.1265010833740235,0.1265010833740235,0.0087985784064063,4,0.0018699169158935,0.0054487690067463,1,3.787878552251448,1.8218395682254,5.507563651137569,2.277234168186145
IQOO-Z9X,10.1260027885437,0.1996848583221435,8.821487426800096e-06,4.4177047278010175e-05,0.0138819217681884,0.0365869825823993,-0.8492977640444207,8,0.1191611289978027,0.1191611289978027,0.1191611289978027,0.007926795050738,5,0.0015828609466552,0.0062647828936916,2,3.719690087779525,1.8322361990699907,7.086027238996668,2.255807985394105
IQOO-Z9X,10.2778799533844,0.2054429054260254,5.00679016110007e-06,2.437071336543614e-05,0.0140628814697265,0.0369188611478793,-0.8322505773538046,8,0.1208150386810303,0.1208150386810303,0.1208150386810303,0.0071116062621129,4,0.0014610290527343,0.0055878564216828,1,3.7680015928977904,1.7970375307592616,4.894321356637,2.2656798449409554
IQOO-Z9X,10.505439043045044,0.2013509273529052,5.006790161099853e-06,2.4865990074753996e-05,0.01338791847229,0.0411500358201821,-0.8818131332686819,5,0.1276350021362305,0.1276350021362305,0.1276350021362305,0.0081003922905958,6,0.0016310214996338,0.0052490920953384,2,3.07140899765579,1.8393276219310908,10.381640942323518,2.1324476368699905
IQOO-Z9X,10.19688606262207,0.2122831344604492,4.506111145019965e-05,0.0002122689188885,0.0143020153045654,0.0363876618816436,-0.8021833374514253,8,0.1201958656311035,0.1201958656311035,0.1201958656311035,0.006081672993553,5,0.0012910366058349,0.0107313731215883,2,3.8081433761391543,1.7141098832052089,2.865432759174086,2.273307747335205
IQOO-Z9X,10.141741037368774,0.201279878616333,0.0010290145874023,0.0051123569552808,0.0138640403747558,0.0355496394954435,-0.8301775939940467,7,0.1164860725402832,0.1164860725402832,0.1164860725402832,0.0079682171543502,4,0.0016038417816161,0.0044762736177032,0,3.714599855230839,1.7661794979122578,4.65586938572028,2.2550130693156665
IQOO-Z9X,10.155234098434448,0.1967589855194091,5.00679016110007e-06,2.5446310103109268e-05,0.0138309001922607,0.0366313824031616,-0.8601482914014495,6,0.1189467906951903,0.1189467906951903,0.1189467906951903,0.0071055791640767,7,0.0013980865478515,0.0055351783119885,4,3.707115918100648,1.8617387310907951,9.496132914855082,2.2548334244820865
IQOO-Z9X,10.291454076766968,0.214616060256958,1.0013580322299886e-05,4.665811267950176e-05,0.0143849849700927,0.040250014615328,-0.8528114290157912,4,0.1317379474639892,0.1317379474639892,0.1317379474639892,0.0084384529502925,4,0.0018110275268555,0.0106469369504476,1,3.996552028268968,1.8754428054982024,6.263423033023136,2.337320694870744
IQOO-Z9X,10.29013705253601,0.2054851055145263,3.099441528299929e-06,1.5083533770192513e-05,0.0137689113616943,0.0363350558021462,-0.8283517062377375,5,0.1191518306732177,0.1191518306732177,0.1191518306732177,0.0093100211517552,5,0.0019130706787109,0.005085471424245,2,3.746429479487228,1.7682573980807397,4.30383920701664,2.262007897202248
IQOO-Z9X,10.257920026779177,0.2041630744934082,0.0011520385742187,0.0056427371946531,0.0139989852905273,0.0410016772274344,-0.8711524403203468,8,0.1276090145111084,0.1276090145111084,0.1276090145111084,0.0062359719825016,6,0.0012731552124023,0.0045111535146823,3,3.0810611921998268,1.80745267459628,6.885522524421936,2.1348385831497105
VIVO-X60_2,9.636471033096312,0.251406192779541,0.0738232135772705,0.2936411898254484,0.087400197982788,0.0400400929325764,-0.9051252093460816,4,0.1203970909118653,0.1203970909118653,0.1203970909118653,0.0120600413096957,5,0.0030319690704345,0.0051788853968896,1,1.2972013831002256,1.5926454511678532,9.254244416061807,1.6667184509623771
VIVO-X60_2,9.566606998443604,0.2543950080871582,0.0743999481201172,0.2924583649637773,0.0873091220855712,0.0399006470673133,-0.8949269453894526,6,0.1201720237731934,0.1201720237731934,0.1201720237731934,0.0132782260709836,4,0.0033779144287109,0.0038134600425485,2,1.2749026049417873,1.5684524380935576,8.496422223496369,1.663745260549504
VIVO-X60_2,9.389251947402954,0.2533769607543945,0.0749299526214599,0.2957252008957975,0.0769288539886474,0.0414988009845812,-0.9023392363136796,4,0.1200661659240722,0.1200661659240722,0.1200661659240722,0.0590229030618965,4,0.0149550437927245,0.0078890415341475,1,0.7041416476087652,1.4740456580946415,4.6139718776902745,1.487613427062756
VIVO-X60_2,9.742932081222534,0.255634069442749,0.0743100643157959,0.2906892046032156,0.0889220237731933,0.0384862810149936,-0.8994615778483073,6,0.1198971271514892,0.1198971271514892,0.1198971271514892,0.0139963645079729,6,0.0035779476165771,0.0115751902384517,2,1.779470642266964,1.6560746073001122,15.977829828957724,1.7983604928995245
VIVO-X60_2,9.494130849838257,0.2513909339904785,0.0728251934051513,0.2896890204000338,0.0853028297424316,0.0395907380699566,-0.8955292533265049,6,0.1194689273834229,0.1194689273834229,0.1194689273834229,0.0123120987092308,4,0.0030951499938964,0.0041881241642245,2,1.3123992930797987,1.5748673765401628,9.421650393599746,1.66662918546997
VIVO-X60_2,9.333518981933594,0.2513480186462402,0.0732488632202149,0.2914240725458394,0.0868170261383056,0.0401956343986842,-0.9067831497870482,6,0.1211411952972412,0.1211411952972412,0.1211411952972412,0.0135150773550365,5,0.0033969879150391,0.004722878309287,2,1.3444953377093505,1.5992023575589671,8.891973163286897,1.6755528031004552
VIVO-X60_2,9.512786865234377,0.2525639533996582,0.0741310119628906,0.2935138247760376,0.0874309539794921,0.0396577604060502,-0.8992646295299858,6,0.1191339492797851,0.1191339492797851,0.1191339492797851,0.0124087866859243,4,0.00313401222229,0.0058395400866582,2,1.2357410836548146,1.5702066693300312,8.817774800922809,1.6501488340198245
VIVO-X60_2,9.335498094558716,0.2615540027618408,0.0760929584503174,0.2909263771413363,0.0895509719848632,0.0398830198182492,-0.8931850065221135,7,0.1239461898803711,0.1239461898803711,0.1239461898803711,0.0111874075350239,4,0.0029261112213135,0.0060216747475243,2,1.7674679225055208,1.677333221316495,20.055350310067137,1.786338233143714
VIVO-X60_2,9.35507607460022,0.2518091201782226,0.0740399360656738,0.2940319874564934,0.0866072177886962,0.0402729108048675,-0.903633337246867,6,0.1209869384765625,0.1209869384765625,0.1209869384765625,0.0125889539882064,5,0.0031700134277343,0.0029351502228818,2,1.2951100322821771,1.599342818733635,9.07280768644199,1.664116518266555
VIVO-X60_2,9.400672912597656,0.2515408992767334,0.072211980819702,0.2870784871459725,0.0857529640197753,0.0395720835604207,-0.9001477670493697,8,0.1196901798248292,0.1196901798248292,0.1196901798248292,0.0126421866869379,5,0.0031800270080567,0.0060225261814964,2,1.3431885746121948,1.573186852484193,9.11303162742612,1.6702851070771954
VIVO-X60_2,9.299506902694702,0.2494959831237793,0.0728759765625,0.2920927850222942,0.086716890335083,0.0393967869704644,-0.9037136561098252,6,0.118480920791626,0.118480920791626,0.118480920791626,0.011503523300416,5,0.0028700828552246,0.0063088769587428,2,1.2677138568928008,1.5790549602122843,9.231444817212427,1.654202485690581
VIVO-X60_2,9.477282047271729,0.2515461444854736,0.0722639560699462,0.2872791241454286,0.0853700637817382,0.039688922309887,-0.8974978697914149,6,0.1201701164245605,0.1201701164245605,0.1201701164245605,0.0111434315172299,4,0.002803087234497,0.0047153671683435,2,1.37332870224106,1.5777988722931533,8.91639844744798,1.6818289992115238
VIVO-X60_2,9.39141583442688,0.2514398097991943,0.0742390155792235,0.2952556146081744,0.0876288414001464,0.039736478127172,-0.9038179809693584,6,0.1190698146820068,0.1190698146820068,0.1190698146820068,0.0128388084751309,4,0.0032281875610351,0.0044338455265665,2,1.2170263512275517,1.5803574684098962,9.155613994617449,1.6437254312937903
VIVO-X60_2,9.412163019180298,0.2547929286956787,0.07328200340271,0.2876139607871027,0.0868000984191894,0.0397927184002418,-0.895044255571598,4,0.1204659938812256,0.1204659938812256,0.1204659938812256,0.0137637213793852,5,0.0035068988800048,0.0048901494274704,1,1.3383636906837442,1.5617669848196507,8.206753999634191,1.6751972397637274
VIVO-X60_2,9.435926914215088,0.2534940242767334,0.073742151260376,0.2909029176162095,0.0877149105072021,0.0400506488396634,-0.900115779167462,8,0.1205990314483642,0.1205990314483642,0.1205990314483642,0.0089199807003368,4,0.0022611618041991,0.0061538837750215,2,1.2880798144657677,1.579944495888434,8.924579876301092,1.65804388875034
VIVO-X70_PRO_1,0.0,0.4887661933898926,0.0112450122833252,0.0230069354947283,0.0134520530700683,0.0047919334011314,-0.084253236775585,0,0.0148110389709472,0.0148110389709472,0.0148110389709472,0.0091700918131114,0,0.0044820308685303,0.0045155348642996,0,-0.6650036531384562,0.8283848477262432,1.6680355338049713,0.7770197289946104
VIVO-X70_PRO_1,0.0,0.4585869312286377,0.0108640193939208,0.0236902071430908,0.0108940601348876,0.0045608553785315,-0.0506469354852964,0,0.0108640193939208,0.0108640193939208,0.0108640193939208,-0.0237557143325049,0,-0.0108940601348876,0.0,0,-1.647225520462959,0.7504703365714738,0.5802175635761108,-0.1867919368011745
VIVO-X70_PRO_1,0.0,0.5243089199066162,0.009045124053955,0.0172515166355859,0.0127208232879638,0.0061021135673242,-0.0789914651875234,0,0.018164873123169,0.018164873123169,0.018164873123169,-0.0242620768119479,0,-0.0127208232879638,0.0069919162788962,0,-0.5600530976125104,1.0379178211646969,1.514755925994761,0.6924000257485037
VIVO-X70_PRO_1,0.0,0.4955110549926758,0.0134229660034179,0.0270891352840075,0.0145678520202636,0.0050000065122029,-0.0760386734695841,0,0.0134229660034179,0.0134229660034179,0.0134229660034179,0.0081310709975922,0,0.0040290355682372,0.0022561448551813,0,-1.0532464458724868,1.1042693499223564,4.744435633095487,0.719014191350929
VIVO-X70_PRO_1,0.0,0.4182801246643066,0.0106880664825439,0.0255524129699484,0.0116641521453857,0.007036795657901,-0.0848355614531284,0,0.0203568935394286,0.0203568935394286,0.0203568935394286,0.0082814920707663,0,0.0034639835357666,0.0023119094114548,0,0.6514264123536924,1.337887181846153,4.195551504102064,1.3955256575091042
VIVO-X70_PRO_1,0.0,0.4640679359436035,0.011523962020874,0.024832489229065,0.0131430625915527,0.0055299648296924,-0.0882738864040129,0,0.0169250965118408,0.0169250965118408,0.0169250965118408,0.0092440463163042,0,0.0042898654937744,0.0034241965596714,0,0.2224926092200565,1.119764483481304,1.8655793408086851,1.1198448354496664
VIVO-X70_PRO_1,0.0,0.4030919075012207,0.0119500160217285,0.0296458842247839,0.0119709968566894,0.0068837521261693,-0.0962808084273283,0,0.0162250995635985,0.0162250995635985,0.0162250995635985,-0.0296979339796176,0,-0.0119709968566894,0.0,0,-0.8975861240611973,0.7094820421990427,0.3244653423499538,-0.7290568677435502
VIVO-X70_PRO_1,0.0,0.4846780300140381,0.0124690532684326,0.0257264668424757,0.0137298107147216,0.0064322463941569,-0.0840784559102398,0,0.0168070793151855,0.0168070793151855,0.0168070793151855,-0.0283276935707688,0,-0.0137298107147216,0.002564333384,0,-1.130055994175139,1.0966711935163416,3.4629679712552157,0.6433220323403285
VIVO-X70_PRO_1,0.0,0.4814178943634033,0.0102050304412841,0.021197862731668,0.0126998424530029,0.0035790503961408,-0.0529849996013296,0,0.0102050304412841,0.0102050304412841,0.0102050304412841,-0.0263800797637494,0,-0.0126998424530029,0.0051054544518086,0,0.7066219383522503,1.3136116377008051,5.768018761400128,1.512985225344094
VIVO-X70_PRO_1,0.0,0.4514920711517334,0.0110590457916259,0.0244944407626358,0.0152759552001953,0.0059859145492907,-0.1017735168546148,0,0.0198559761047363,0.0198559761047363,0.0198559761047363,0.0099472195892157,0,0.0044910907745361,0.0069678591325424,0,0.2453063398746637,0.98651258694492,1.6300851849043168,1.0475605916795176
VIVO-X70_PRO_1,0.0,0.503364086151123,0.0124449729919432,0.0247236013341782,0.0124759674072265,0.0063383771283554,-0.0949195315408508,0,0.0174739360809325,0.0174739360809325,0.0174739360809325,0.0194987642462185,0,0.009814977645874,6.157454640873563e-05,0,-1.1582751507951778,0.8490148446589195,0.8038674361872794,0.3088106773785827
XIAOMI-10MI1,11.123605966567991,0.0532901287078857,0.0032410621643067,0.0608191843947845,0.0055000782012939,0.0076946371332716,-0.7826230901729191,1,0.0267910957336426,0.0267910957336426,0.0267910957336426,0.0563899514573967,3,0.003005027770996,0.0420329731785324,0,4.34399141409066,1.588305574001421,1.30514122500793,2.332662897607521
XIAOMI-10MI1,10.380878925323486,0.0464158058166503,0.0024490356445313,0.052762967300522,0.0037188529968261,0.0072466752562208,-0.37278228084774,1,0.0242929458618165,0.0242929458618165,0.0242929458618165,0.0430240083829017,3,0.0019969940185547,0.0271879269783529,0,3.7332211493835175,1.5612516315770455,3.2001287001286425,2.254060517787872
XIAOMI-10MI1,1.1960909366607666,0.0499341487884521,0.0036098957061768,0.0722931259221071,0.0048160552978515,0.0052170099503418,-0.6076996165948072,1,0.0166358947753905,0.0166358947753905,0.0166358947753905,0.047980557584786,2,0.0023958683013916,0.0236727639073897,0,1.2053189028956348,1.3582113843928925,5.474927113702959,1.6057700796433707
XIAOMI-10MI1,10.256462097167969,0.0650150775909423,0.0031869411468506,0.0490184933239946,0.0042181015014648,0.0094625005684481,-0.4131972584554789,1,0.0289590358734131,0.0289590358734131,0.0289590358734131,0.0358975111205642,3,0.0023338794708251,0.0156109617775292,0,1.3436036894594867,1.6009748832081838,12.705081826011776,1.6698643195859904
XIAOMI-10MI1,11.006742000579834,0.0472548007965087,0.0045101642608642,0.0954435144121382,0.0057129859924316,0.0051918637475624,-0.5031407510557471,1,0.0165960788726805,0.0165960788726805,0.0165960788726805,0.0369271598024221,1,0.0017449855804443,0.0254539583554051,0,0.6770600896439953,1.0986955103080265,2.217464552523247,1.2336904059149965
XIAOMI-10MI1,11.12203884124756,0.0558969974517822,0.0038561820983887,0.0689872850811909,0.0048890113830566,0.0090215507976609,-0.3377792185080758,1,0.0291371345520019,0.0291371345520019,0.0291371345520019,0.0584263528528592,2,0.0032658576965332,0.0179228744844282,0,2.94591880710536,1.452563838495756,2.145764807716076,2.0568976725288866
XIAOMI-10MI1,10.27004599571228,0.0455000400543212,0.0034840106964111,0.076571596250281,0.0055370330810546,0.005585440147347,-0.6999753721684552,1,0.0176589488983155,0.0176589488983155,0.0176589488983155,0.0549881838808224,3,0.0025019645690917,0.0449641324453339,0,0.8905112320979955,1.1048113642561443,2.233216998562949,1.3833938860370207
XIAOMI-10MI1,11.121535062789915,0.0453300476074218,0.0028948783874512,0.0638622401750407,0.0051581859588623,0.0051905835188637,-0.6423146511823621,1,0.0150940418243408,0.0150940418243408,0.0150940418243408,0.0458638390978704,3,0.0020790100097656,0.0270712362198089,0,-0.2069434372594654,1.1450646519978365,3.8819096922634384,1.0820513359010735
XIAOMI-10MI1,11.134507179260254,0.0491430759429931,0.0025918483734131,0.0527408658021262,0.004716157913208,0.0053488490043879,-0.532832656546398,1,0.0173468589782714,0.0173468589782714,0.0173468589782714,0.0510137249479669,3,0.0025069713592529,0.0426545572746098,0,1.5302413726189572,1.414950849590797,7.169236016370873,1.6948097951499077
XIAOMI-10MI1,10.257505178451538,0.0538389682769775,0.003748893737793,0.0696316043521973,0.0053110122680664,0.0056738130917661,-0.4912606225394896,1,0.0192470550537108,0.0192470550537108,0.0192470550537108,0.0440755124724878,3,0.0023729801177977,0.0284389572087126,0,2.0535098489924275,1.3700034111630732,3.719280618908981,1.761652804536442
XIAOMI-13,10.869194984436035,0.0730738639831543,0.0082709789276123,0.1131865550385977,0.0099339485168457,0.0097584137764833,-0.511425998551358,2,0.0314540863037109,0.0314540863037109,0.0314540863037109,0.2451760882757898,6,0.0179159641265869,0.0226464465862294,1,1.8831345394536976,1.468959566255621,5.127283105022739,1.74839889704455
XIAOMI-13,10.936070919036863,0.0709681510925293,0.0083379745483398,0.1174889639927159,0.0092449188232421,0.0100040019569212,-0.3280499358332595,2,0.0364999771118164,0.0364999771118164,0.0364999771118164,0.0438651893758692,5,0.0031130313873291,0.0123596562544086,1,5.711165996353579,1.6915760328394989,1.2485697376207971,2.635727673173017
XIAOMI-13,10.209616899490356,0.0794219970703125,0.0201458930969238,0.2536563400576365,0.0211091041564941,0.0082238982124013,-0.5808717579250715,2,0.0203480720520019,0.0203480720520019,0.0203480720520019,0.0337055715658015,6,0.0026769638061523,0.0117855427473578,1,-1.2135325961787324,1.1390154324163846,6.525650160313608,0.6566195057533901
XIAOMI-13,11.212857007980348,0.0619339942932128,-1.692771911630006e-05,-0.0002733187050097,0.0013048648834228,0.0062240565411329,-0.6242445240020015,2,0.0172441005706787,0.0172441005706787,0.0172441005706787,0.2784270701004737,5,0.0172441005706787,0.0209570004234514,1,-0.8941846650802803,1.1054449617496314,2.6844877534896145,0.7824681670518084
XIAOMI-13,10.876528978347778,0.0875191688537597,0.0078091621398926,0.0892280198974619,0.0103900432586669,0.0096915963873282,-0.5055246511678588,2,0.0328421592712402,0.0328421592712402,0.0328421592712402,0.204390299715051,5,0.0178880691528321,0.0292850098887976,1,2.020493337796479,1.2181052637593826,2.5833412933422726,1.7279278699778722
XIAOMI-13,10.954497814178469,0.0867719650268554,0.0093388557434081,0.107625265147768,0.0117819309234619,0.0098627609087232,-0.625605855781595,2,0.0288879871368408,0.0288879871368408,0.0288879871368408,0.2073950124743092,6,0.017996072769165,0.0004039038543967,1,-0.7155473103771879,0.9093039122182648,1.6198487185136206,0.6745047241837496
XIAOMI-13,11.0729398727417,0.074779987335205,0.0201351642608642,0.269258727881396,0.0213088989257812,0.0080341364220833,-0.5967352144109677,1,0.0218040943145752,0.0218040943145752,0.0218040943145752,0.039263510282161,4,0.0029361248016356,0.0153228120516498,1,-0.4476069598537631,1.2892438271330398,7.401394585726114,1.049879714191931
XIAOMI-13,10.875661134719849,0.0892601013183593,0.0096421241760253,0.1080227787512277,0.0106191635131835,0.0098017308468193,-0.4475805589982479,2,0.0335040092468261,0.0335040092468261,0.0335040092468261,0.2125678447796921,6,0.0189738273620606,0.0106094277533227,1,2.2617151791957646,1.3177306369205248,2.918084142394852,1.7854847612816336
XIAOMI-13,10.95066213607788,0.0724351406097412,0.0089070796966553,0.1229662788209934,0.0096890926361083,0.0091867940228202,-0.3843589026216604,2,0.0331220626831054,0.0331220626831054,0.0331220626831054,0.0413047413722179,6,0.0029919147491455,0.010588680611556,1,4.571051913413392,1.5219343449306078,1.896683386988028,2.323462150897184
XIAOMI-13,11.229995012283323,0.0773971080780029,0.0008528232574463,0.0110188000381978,0.0326080322265625,0.0069277142865757,-0.6702985272327923,2,0.0206568241119384,0.0206568241119384,0.0206568241119384,0.0462561647675632,6,0.003580093383789,0.4099012096960511,1,-0.2014197593527402,1.1636130594791725,3.5327783697390465,1.0080151792339545
XIAOMI-13,11.043987035751345,0.0885810852050781,0.0090830326080323,0.102539188665433,0.0124220848083496,0.0080585708255744,-0.5631325093665217,2,0.0256612300872802,0.0256612300872802,0.0256612300872802,0.2149993540329872,6,0.0190448760986328,0.013401123982601,1,0.2884441557155881,1.0916873470562296,2.6889219759371628,1.1542834806274125
XIAOMI-MI11Lite,12.372322082519531,0.0648720264434814,0.0027799606323241,0.0428529951156403,0.0040161609649658,0.010579433271183,-0.3195231042327434,1,0.0367519855499268,0.0367519855499268,0.0367519855499268,0.0426361574902694,3,0.0027658939361571,0.0186700870658188,0,4.998950203675851,1.7938974988611247,1.664942677355424,2.52600068902335
XIAOMI-MI11Lite,12.404720067977903,0.0784780979156494,0.0051980018615722,0.0662350642998402,0.0063650608062744,0.015082784723298,-0.2833142443971186,1,0.0500469207763672,0.0500469207763672,0.0500469207763672,0.0380998964032799,3,0.0029900074005127,0.0145886055759946,0,4.598169865790687,1.92191007731985,1.67704626852634,2.5006006343919327
XIAOMI-MI11Lite,12.36861801147461,0.0617220401763916,0.0037610530853272,0.0609353332226011,0.0049271583557128,0.0094111042141636,-0.3247940173284237,1,0.0316200256347656,0.0316200256347656,0.0316200256347656,0.0448120951325138,3,0.0027658939361572,0.0184524936167572,0,3.6677206156453535,1.5247558550022358,2.3874926943307435,2.2107342254085705
XIAOMI-MI11Lite,11.900486946105955,0.0588181018829345,-0.0021750926971434,-0.0369799879205991,0.0022549629211425,0.0094537643195914,-0.3397594659121764,1,0.0327470302581787,0.0327470302581787,0.0327470302581787,0.066104312507854,3,0.0038881301879883,0.0377947393808688,0,4.807135016637221,1.768017059144128,3.292601223419537,2.472203954457124
XIAOMI-MI11Lite,12.37362790107727,0.0618259906768798,0.002305030822754,0.0372825537855227,0.0046210289001464,0.0089550079915264,-0.3164042465399496,1,0.0312559604644775,0.0312559604644775,0.0312559604644775,0.0387363728563882,3,0.0023949146270751,0.0370049013369722,0,4.442040399662799,1.593263396645051,2.6272800160352467,2.371731909461504
XIAOMI-MI11Lite,12.377620935440063,0.0762951374053955,0.0036098957061768,0.0473148857049114,0.004810094833374,0.0124690501845555,-0.3465227105826464,1,0.0428550243377686,0.0428550243377686,0.0428550243377686,0.0396337557225666,3,0.0030238628387451,0.0154935079139382,0,4.620346421560032,1.797749590531723,3.1056532366159444,2.438256797448897
XIAOMI-MI11Lite,12.421606063842772,0.0534651279449462,-6.914138793899993e-06,-0.0001293205320862,0.0012569427490234,0.0065159692758011,-0.5419600533335702,2,0.0176019668579101,0.0176019668579101,0.0176019668579101,0.0608252433678632,4,0.0032520294189452,0.0233802603356073,1,-0.1035556739014071,1.3406058264298633,8.71104577908419,1.1871597464655972
XIAOMI-MI11Lite,12.428783893585203,0.0758380889892578,0.0012750625610351,0.0168129574205872,0.0035290718078613,0.0129244623452914,-0.3874430975076072,1,0.0417311191558837,0.0417311191558837,0.0417311191558837,0.0297464852493651,3,0.002255916595459,0.0296427403737326,0,3.087143848343649,1.7042178300566235,9.131284843770262,2.101469802227374
XIAOMI-MI11Lite,12.382736921310425,0.0651998519897461,-0.003119945526123,-0.047852033875992,0.0,0.012962819056759,-0.2770561820761466,1,0.0408918857574462,0.0408918857574462,0.0408918857574462,0.0,3,0.0,0.047852033875992,0,3.425200679919903,1.7893502508131354,6.054426299956825,2.240801699629099
XIAOMI-MI11Lite,12.531246900558472,0.0657649040222168,0.0030150413513183,0.0458457500416902,0.0042898654937744,0.0088493107370705,-0.4521567006721324,1,0.0286328792572022,0.0286328792572022,0.0286328792572022,0.0361444035992128,3,0.0023770332336425,0.0190836650497752,0,1.9787942995941403,1.4801575331865695,5.633500501504714,1.7636689105211316
XIAOMI-MI11Lite,12.391906976699827,0.0833709239959716,-6.91413879390021e-06,-8.29322557854138e-05,0.0012397766113281,0.0145104913657111,-0.3043985552629096,1,0.0492630004882811,0.0492630004882811,0.0492630004882811,0.0376512441268226,3,0.0031390190124511,0.0147876791265222,0,4.536093781628291,1.9145212428080467,6.9016567263087785,2.418246795603185
XIAOMI-MI11Lite,12.282030820846558,0.0680170059204101,0.0047709941864014,0.0701441370704286,0.0060858726501464,0.0076606844612342,-0.4336100166851269,1,0.0262551307678223,0.0262551307678223,0.0262551307678223,0.0408294892107514,3,0.0027770996093749,0.0189355168884334,0,2.454618021864454,1.3515474886145462,2.924745159745475,1.834640146382808
