Label,Next_Packet_After_First_Stage,Type_6_Last_Time,First_Stage_Time_Diff,Gap_23_Time,A_IAT_P95,A_IAT_StdDev,Type_5_First_Occurrence_Time,Type_3_Last_Time,A_Mean_IAT,A_IAT_IQR,Type_4_First_Occurrence_Time,Gap_23_Time_Ratio,Range_2,Type_6_Time,Type_4_Last_Time,Type_3_First_Occurrence_Time,Gap_34_Time,Gap_45_Time_Ratio,A_IAT_P90,Type_5_Last_Time
HONOR-70_1,5.603617906570435,0.2029309272766113,0.2029309272766113,0.0023519992828369,0.0772035121917725,0.0350769974168666,0.0540738105773925,0.0162389278411865,0.0184482661160555,0.0136244297027589,0.0189189910888671,0.0115901470239227,3,0.0296049118041991,0.0189189910888671,0.0042219161987304,0.0026800632476806,0.1732353957098246,0.0351548194885254,0.0540738105773925
HONOR-70_1,9.231966972351074,0.2005419731140136,0.2005419731140136,0.0027790069580078,0.0800293087959289,0.0356824938091499,0.052992820739746,0.0156619548797607,0.0200541973114013,0.0157465934753417,0.0178198814392089,0.0138574828743101,4,0.0308191776275633,0.0178198814392089,0.0038189888000488,0.0021579265594482,0.175389414766256,0.0433286428451537,0.052992820739746
HONOR-70_1,4.803907871246338,0.201427936553955,0.201427936553955,0.0023629665374756,0.0815109729766844,0.0365268998649892,0.0530438423156738,0.0149519443511962,0.0201427936553955,0.0147393345832824,0.0178868770599365,0.0117310765224596,7,0.028947114944458,0.0178868770599365,0.0034358501434326,0.0029349327087402,0.1745386755045275,0.0435849666595458,0.0530438423156738
HONOR-70_1,4.534456014633179,0.2076501846313476,0.2076501846313476,0.0021419525146484,0.0812256455421446,0.0361197888445999,0.0589871406555175,0.0143060684204101,0.0207650184631347,0.0147190690040589,0.0240020751953125,0.0103151967740896,2,0.0296041965484619,0.0240020751953125,0.0032260417938232,0.0096960067749024,0.1684807818606848,0.0433924436569212,0.0589871406555175
HONOR-70_1,5.778409004211426,0.2012319564819336,0.2012319564819336,0.0025980472564697,0.0814118146896361,0.0365742274049277,0.0528531074523925,0.0157580375671386,0.0201231956481933,0.0144744515419006,0.0182781219482421,0.0129107091233938,5,0.0286459922790527,0.0182781219482421,0.0039460659027099,0.0025200843811035,0.1718165748055752,0.0430907726287841,0.0528531074523925
HONOR-70_1,8.583173036575317,0.2026319503784179,0.2026319503784179,0.0138289928436279,0.0906666994094848,0.0398905863652589,0.0528359413146972,0.0155630111694335,0.0253289937973022,0.0197709798812867,0.0,0.0682468525708905,8,0.0303788185119629,0.0,0.0155630111694335,-0.0155630111694335,0.2607483233321565,0.0619162082672119,0.0528359413146972
HONOR-70_1,4.36447811126709,0.2011151313781738,0.2011151313781738,0.0022931098937988,0.0766265392303467,0.0347219113085735,0.0544910430908203,0.0160930156707763,0.0182831937616521,0.0127763748168945,0.0195450782775878,0.0114019759631455,6,0.0283169746398926,0.0195450782775878,0.003688097000122,0.0034520626068114,0.1737609923915702,0.0349459648132325,0.0544910430908203
HONOR-70_1,4.601876974105835,0.2017698287963867,0.2017698287963867,0.0015590190887451,0.0824710249900816,0.0370744848983541,0.0533599853515625,0.0154390335083007,0.0201769828796386,0.0157462358474731,0.0178258419036865,0.0077267205807978,5,0.0275359153747558,0.0178258419036865,0.0030620098114013,0.0023868083953857,0.1761122743665248,0.0440681219100952,0.0533599853515625
HONOR-70_1,4.482576847076416,0.2002718448638916,0.2002718448638916,0.0010910034179687,0.0861485004425048,0.0384052042898848,0.0513279438018798,0.014056921005249,0.022252427207099,0.0168819427490234,0.0164110660552978,0.0054476125623662,5,0.0286409854888916,0.0164110660552978,0.0021369457244873,0.0023541450500488,0.1743474114911766,0.0519940853118896,0.0513279438018798
HONOR-70_2,5.8335020542144775,0.0333118438720703,0.0333118438720703,0.002018928527832,0.0094727039337158,0.0036240348979463,0.0126099586486816,0.0040249824523925,0.003331184387207,0.0040721297264099,0.0068180561065673,0.0606069281419973,6,0.0101339817047119,0.0068180561065673,0.0039968490600585,0.0027930736541748,0.1738691669052404,0.0083775043487548,0.0126099586486816
HONOR-70_2,5.764261960983276,0.0428950786590576,0.0428950786590576,-0.0012190341949463,0.0126667976379394,0.005240322441907,0.0119750499725341,0.0015690326690673,0.0042895078659057,0.0045498013496398,0.0057649612426757,-0.0284189756273798,5,0.0133321285247803,0.0057649612426757,0.0015640258789062,0.0041959285736084,0.1447739210182587,0.0077456951141357,0.0119750499725341
HONOR-70_2,5.729249000549316,0.0317299365997314,0.0317299365997314,0.001511812210083,0.008226203918457,0.0033413746742817,0.0125598907470703,0.002810001373291,0.0031729936599731,0.0055091381072998,0.005760908126831,0.0476462411240934,5,0.0101001262664794,0.005760908126831,0.0027837753295898,0.00295090675354,0.2142765901491544,0.0073824882507324,0.0125598907470703
HONOR-70_2,5.735748052597046,0.047382116317749,0.047382116317749,0.0043449401855469,0.0118839263916015,0.0043536793350142,0.015916109085083,0.0064761638641357,0.0036447781782883,0.0049769878387451,0.0090830326080322,0.0917000025159137,5,0.0204620361328125,0.0090830326080322,0.0051629543304443,0.0026068687438965,0.1442121417968656,0.0101697921752929,0.015916109085083
HONOR-70_2,5.742671966552734,0.0355260372161865,0.0355260372161865,0.0021488666534424,0.0078649520874023,0.002914646861429,0.0121738910675048,0.0032939910888671,0.0039473374684651,0.0045173168182372,0.005479097366333,0.0604870912104805,6,0.014707088470459,0.005479097366333,0.0032539367675781,0.0021851062774659,0.1884475225996074,0.0070848464965819,0.0121738910675048
HONOR-70_2,5.717315912246704,0.0357179641723632,0.0357179641723632,0.0022439956665038,0.0125636100769043,0.0051465097397157,0.0,0.0031149387359619,0.0039686626858181,0.0027790069580078,0.0054280757904052,0.0628254078444984,6,0.0137598514556883,0.0054280757904052,0.0031080245971679,0.0023131370544432,-0.1519704696552996,0.008597183227539,0.0
HONOR-70_2,4.539139032363892,0.0317010879516601,0.0317010879516601,0.0024979114532471,0.0077653884887695,0.0025692985111026,0.0135478973388671,0.0042910575866699,0.00352234310574,0.0010991096496582,0.0068860054016113,0.0787957642670207,3,0.014674186706543,0.0068860054016113,0.0042788982391357,0.0025949478149414,0.2101471074877395,0.0070297241210937,0.0135478973388671
HONOR-70_2,5.72167181968689,0.0397930145263671,0.0397930145263671,-7.1525573730000375e-06,0.0112069845199585,0.0045967531640651,0.0108230113983154,0.0013139247894287,0.0036175467751242,0.005709171295166,0.0046219825744628,-0.0001797440444794,3,0.0143229961395262,0.0046219825744628,0.0013008117675781,0.0033080577850341,0.1558320950965843,0.0077669620513916,0.0108230113983154
HONOR-70_2,5.726178169250488,0.0578870773315429,0.0578870773315429,0.0034761428833006,0.0147695541381835,0.0061218430155798,0.0176711082458496,0.0057029724121093,0.0052624615755948,0.0059033632278443,0.0099270343780517,0.0600504126921352,6,0.0173659324645996,0.0099270343780517,0.0047121047973632,0.0042240619659424,0.1337789749419275,0.0077440738677978,0.018726110458374
HONOR-70_2,5.756701946258545,0.0412268638610839,0.0412268638610839,0.0020020008087158,0.0148921012878417,0.0058026279786772,0.0116569995880126,0.0020020008087158,0.0058895519801548,0.0029029846191405,0.0053749084472656,0.0485605894123222,6,0.025501012802124,0.0053749084472656,0.0020020008087158,0.0033729076385498,0.1523785840687479,0.0112020969390868,0.0116569995880126
HONOR-70_2,5.746462106704712,0.0408360958099365,0.0408360958099365,0.0012781620025635,0.0123721837997436,0.0051430952416215,0.0136110782623291,0.0038080215454101,0.0034030079841613,0.002339243888855,0.0061061382293701,0.0312998090834258,5,0.008903980255127,0.0061061382293701,0.0037801265716552,0.00229811668396,0.1837820164760424,0.0071326494216919,0.0136110782623291
HONOR-70_2,0.0,0.0347719192504882,0.0347719192504882,0.0010039806365966,0.0093268752098083,0.0035001776194994,0.0126631259918212,0.0023829936981201,0.0028976599375406,0.0025182962417602,0.0055480003356933,0.0288733166945481,0,0.0204639434814453,0.0055480003356933,0.0023629665374755,0.0031650066375732,0.2046227475933185,0.0067654132843017,0.0126631259918212
HUAWEI-mate30_1,1.080408811569214,0.0351698398590087,0.0351698398590087,-0.0010080337524413,0.0090974450111389,0.0033940663665705,0.014028787612915,0.0010328292846679,0.0025121314185006,0.0025139451026915,0.0037047863006591,-0.0286618806478069,3,0.014611005783081,0.0037307739257812,1.6927719116210938e-05,0.0026719570159911,0.2928080914902425,0.0078747034072876,0.014028787612915
HUAWEI-mate30_1,1.1716959476470947,0.0370750427246093,0.3406300544738769,-7.1525573730000375e-06,0.012960660457611,0.005708728422619,0.0098359584808349,0.002126932144165,0.0037075042724609,0.0042293071746825,0.0040991306304931,-2.099802198619139e-05,1,0.0083680152893065,0.0040991306304931,0.0012409687042236,0.0019721984863281,0.0168418135011682,0.0070502519607543,0.0098359584808349
HUAWEI-mate30_1,1.2713119983673096,0.0356299877166748,0.3610191345214844,-3.314018249520002e-05,0.0094155073165893,0.0036866987876333,0.0112161636352539,0.0022120475769042,0.0032390897924249,0.0049124956130982,0.0040950775146484,-9.179619395832285e-05,3,0.0152637958526611,0.0040950775146484,0.0012030601501464,0.0018830299377442,0.0197249548283478,0.0091500282287597,0.0112161636352539
HUAWEI-mate30_1,1.3052141666412354,0.0378651618957519,0.3673310279846191,-8.106231689399999e-06,0.0152377009391784,0.0073593263391445,0.0,0.0016050338745117,0.0037865161895751,0.0035812258720397,0.004134178161621,-2.2067919864747785e-05,3,0.0095131397247313,0.004134178161621,0.0015900135040283,0.0025291442871093,-0.0112546391310948,0.0062575578689574,0.0
HUAWEI-mate30_1,1.309028148651123,0.039255142211914,0.3624100685119629,-0.0012099742889405,0.0144206881523132,0.0059147734843284,0.0114121437072753,0.0023841857910156,0.0039255142211913,0.0036051273345946,0.0,-0.0033386883921536,3,0.0090100765228271,0.0,0.0011711120605468,-0.0023841857910156,0.0314895878973036,0.0100084543228148,0.0114121437072753
HUAWEI-mate30_1,0.0,0.0355639457702636,0.4169180393218994,-0.0025458335876465,0.0114625692367553,0.0047100435498517,0.0115718841552734,0.0032260417938232,0.0032330859791148,0.0030144453048706,0.0046398639678955,-0.0061063167038471,0,0.0207231044769287,0.0046398639678955,0.0006639957427978,0.0014138221740722,0.0166268175842248,0.0069320201873778,0.0115718841552734
HUAWEI-mate30_1,1.3005189895629885,0.0351691246032714,0.3434889316558838,1.0967254638599992e-05,0.0100529193878173,0.0042146040929078,0.0104100704193115,0.0009529590606689,0.0031971931457519,0.0055476427078246,0.0029499530792236,3.1928989926194406e-05,3,0.0172441005706787,0.0029499530792236,0.000943899154663,0.0019969940185546,0.0217186542347211,0.0075149536132812,0.0104100704193115
HUAWEI-mate30_1,1.272536039352417,0.034693956375122,0.3796350955963135,-5.960464477599995e-06,0.0108857631683349,0.0043906138732693,0.0109410285949707,0.0009260177612304,0.0034693956375122,0.0045338273048401,0.0037930011749267,-1.570050963870337e-05,3,0.0098090171813965,0.0037930011749267,0.0009260177612304,0.0028669834136963,0.0188286791789262,0.007827615737915,0.0109410285949707
HUAWEI-mate30_1,1.1363718509674072,0.0368390083312988,0.4117779731750488,-0.0023009777069091,0.0092254519462585,0.00344975589656,0.0116488933563232,0.0035789012908935,0.0026313577379499,0.0031456351280212,0.0058610439300537,-0.005587908671188,3,0.0140490531921387,0.0058610439300537,0.0012378692626953,0.0022821426391601,0.014055752865171,0.0074721336364746,0.0116488933563232
HUAWEI-mate30_1,1.3383290767669678,0.0367810726165771,0.4578220844268799,-7.867813110400135e-06,0.0143925189971923,0.006230454293533,0.0108449459075927,0.0023360252380371,0.0036781072616577,0.0034145712852478,0.0034379959106445,-1.718530708331683e-05,3,0.0058281421661376,0.0034379959106445,0.0013821125030517,0.0011019706726074,0.0161786647016395,0.008677053451538,0.0108449459075927
HUAWEI-mate30_1,1.1731958389282229,0.0385949611663818,0.0385949611663818,-0.0012049674987793,0.0159221649169921,0.0080165431946975,0.0,0.0032868385314941,0.0038594961166381,0.0023987889289856,0.0,-0.0312208501411549,2,0.0088729858398438,0.0,0.002065896987915,-0.0032868385314941,0.0,0.0054091930389403,0.0
HUAWEI-mate30_1,1.4222369194030762,0.0364890098571777,0.3508188724517822,-1.0967254638700064e-05,0.0108705759048462,0.0043666145198816,0.0117709636688232,0.0032789707183837,0.0033171827142888,0.0029500722885132,0.004922866821289,-3.126187186582285e-05,3,0.0098249912261963,0.004922866821289,0.0022330284118652,0.0016438961029053,0.0195203205565157,0.0068480968475342,0.0117709636688232
HUAWEI-mate50pro,1.7533929347991943,0.1610529422760009,0.1610529422760009,-0.0302820205688476,0.0694459915161132,0.0303172860182348,0.0631170272827148,0.0319139957427978,0.0201316177845001,0.018468677997589,0.0456271171569824,-0.1880252551794581,6,0.0068669319152832,0.0456271171569824,0.0,0.0137131214141845,0.1085972716708239,0.0478229999542235,0.0631170272827148
HUAWEI-mate50pro,1.546670913696289,0.0708351135253906,0.0708351135253906,0.0032961368560791,0.0150613546371459,0.005671642836737,0.0182709693908691,0.0082480907440185,0.0050596509660993,0.0058341026306153,0.0102970600128173,0.046532527330497,3,0.0402960777282715,0.0102970600128173,0.0059130191802978,0.0020489692687988,0.1125700091550439,0.0113285064697265,0.0182709693908691
HUAWEI-mate50pro,1.7652111053466797,0.2010631561279297,0.2010631561279297,-0.029304027557373,0.0618098378181457,0.0289362844725754,0.0725159645080566,0.0314860343933105,0.0167552630106608,0.0165763497352599,0.0448119640350341,-0.14574538727885,6,0.0258371829986572,0.0448119640350341,0.0021560192108154,0.0133259296417236,0.1377875539534223,0.0282818555831909,0.0725159645080566
HUAWEI-mate50pro,2.0037310123443604,0.0621359348297119,0.0621359348297119,0.004734992980957,0.0201081037521362,0.0085515256115939,0.0164690017700195,0.0058889389038085,0.0056487213481556,0.0051575899124145,0.0097918510437011,0.0762037779576922,4,0.0413980484008789,0.0097918510437011,0.0058579444885253,0.0039029121398926,0.1074603728843481,0.0108721256256104,0.0164690017700195
HUAWEI-mate50pro,1.4893670082092283,0.0760998725891113,0.0760998725891113,0.0079140663146972,0.0212168216705322,0.0080386197970363,0.0222640037536621,0.0114500522613525,0.0084555413987901,0.0089850425720215,0.0,0.103995789289003,4,0.0371298789978028,0.0,0.0114409923553466,-0.0114500522613525,0.2925629570219245,0.0182096004486083,0.0222640037536621
HUAWEI-mate50pro,1.532784938812256,0.0657949447631836,0.0657949447631836,0.0032360553741454,0.0255781650543212,0.011115973758301,0.0196230411529541,0.008599042892456,0.0073105494181315,0.0062870979309082,0.0117979049682617,0.0491839515299095,6,0.010624885559082,0.0117979049682617,0.008599042892456,0.0031988620758057,0.118932179559653,0.0156093120574951,0.0196230411529541
HUAWEI-mate50pro,1.654695987701416,0.0634770393371582,0.0634770393371582,0.0068140029907227,0.0163439512252808,0.0067511560797795,0.0186750888824462,0.0078530311584472,0.0057706399397416,0.0082644224166871,0.01214599609375,0.107345948422864,5,0.0340719223022461,0.01214599609375,0.0078489780426025,0.0042929649353028,0.1028575506494077,0.0107619762420655,0.0186750888824462
HUAWEI-mate50pro,1.8598721027374268,0.0654621124267578,0.0654621124267578,0.0049710273742675,0.0206215381622314,0.0081597038652801,0.0,0.0061750411987304,0.0059511011297052,0.0078465938568115,0.0084450244903564,0.0759374726843611,3,0.0413520336151123,0.0084710121154785,0.0061480998992919,0.002269983291626,-0.1294032807901865,0.015639066696167,0.0
HUAWEI-mate50pro,1.8249199390411377,0.1552200317382812,0.1552200317382812,-0.0287818908691406,0.0416020154953003,0.0162852778121446,0.0721909999847412,0.0440828800201416,0.0141109119762073,0.014281630516052,0.0569598674774169,-0.1854263946915709,6,0.0276119709014892,0.0569598674774169,0.015273094177246,0.0128769874572753,0.098126075202753,0.0277869701385499,0.0721909999847412
HUAWEI-mate50pro,1.8159558773040767,0.1205759048461914,0.1205759048461914,-0.0299360752105713,0.0260897159576415,0.0096746467050476,0.0685930252075195,0.0432219505310058,0.0120575904846191,0.0133805871009827,0.0573470592498779,-0.2482757666115651,6,0.0289490222930909,0.0573470592498779,0.0132520198822021,0.0141251087188721,0.0932687668567541,0.0235894680023192,0.0685930252075195
HUAWEI-MateBook,0.0,0.0342271327972412,0.0342271327972412,2.0027160644500025e-05,0.0114065647125244,0.0046322698976252,0.009031057357788,0.002835988998413,0.003803014755249,0.0031580924987792,0.0,0.0005851252795008,0,0.010315179824829,0.0,0.0014340877532958,-0.002835988998413,0.2638566721696281,0.0079322338104248,0.009031057357788
HUAWEI-MateBook,0.0,0.0324828624725341,0.0324828624725341,2.0027160644500025e-05,0.0149491310119628,0.0064105581775598,0.0121169090270996,0.0027940273284912,0.0040603578090667,0.0040618777275085,0.0028038024902343,0.0006165454371958,0,0.0023820400238037,0.0028038024902343,0.001533031463623,9.775161743099878e-06,0.2867083079497689,0.0119143486022949,0.0121169090270996
HUAWEI-MateBook,0.0,0.0222868919372558,0.0222868919372558,-7.867813110299954e-06,0.008481502532959,0.0033272253202255,0.009070873260498,0.0011780261993408,0.002026081085205,0.0015550851821899,0.0021438598632812,-0.0003530242409955,0,0.0031800270080565,0.0021438598632812,0.0011630058288574,0.0009658336639404,0.3108110999379543,0.0069270133972168,0.009070873260498
HUAWEI-MateBook,0.0,0.0233869552612304,0.0233869552612304,0.0,0.0087959289550781,0.0036019613149939,0.0091118812561035,0.0,0.004677391052246,0.0062701702117918,0.0,0.0,0,0.0067429542541504,0.0,0.0,0.0,0.3896138319128986,0.0084799766540527,0.0091118812561035
HUAWEI-MateBook,0.0,0.0306618213653564,0.0306618213653564,0.0011548995971678,0.0119760394096374,0.0051523987692107,0.0093498229980468,0.0025739669799804,0.0038327276706695,0.0051309466361999,0.0035789012908935,0.0376657206173921,0,0.0062558650970459,0.0035789012908935,0.0025439262390136,0.0010049343109131,0.1882119668753155,0.0088959455490112,0.0093498229980468
HUAWEI-MateBook,0.0,0.0282409191131591,0.0282409191131591,-7.867813110299954e-06,0.0111289978027343,0.0047304174940459,0.0096609592437744,0.0015430450439453,0.0023534099260965,0.0013462305068969,0.0024878978729248,-0.0002785962127781,0,0.0026159286499022,0.0024878978729248,0.0015280246734619,0.0009448528289795,0.2539953229605495,0.0066023588180541,0.0096609592437744
HUAWEI-MateBook,0.0,0.0255517959594726,0.0255517959594726,3.290176391610019e-05,0.0103104472160339,0.0042703313468809,0.0104730129241943,0.0029988288879394,0.0025551795959472,0.0016440749168395,0.003835916519165,0.0012876497592687,0,0.0017628669738769,0.003835916519165,0.0029919147491455,0.0008370876312255,0.2597506811480617,0.0073049783706665,0.0104730129241943
HUAWEI-MateBook,0.0,0.0197739601135253,0.0197739601135253,0.0009169578552246,0.0102850794792175,0.0047290421024953,0.0,0.0025599002838134,0.0032956600189208,0.0014832615852355,0.0,0.0463719887144611,0,0.004457950592041,0.0,0.0009169578552246,-0.0025599002838134,0.0,0.0078140497207641,0.0
HUAWEI-MateBook,0.0,0.0306000709533691,0.0306000709533691,-0.0012319087982177,0.0162670373916625,0.0081566497321508,0.0,1.4066696166992188e-05,0.0038250088691711,0.0011010766029358,0.0032670497894287,-0.0402583641095143,0,0.0033950805664062,0.0032670497894287,1.4066696166992188e-05,0.0032529830932617,-0.1067660854253344,0.008596134185791,0.0
HUAWEI-MateBook,16.577518939971924,16.619173049926758,0.0246069431304931,-16.5787410736084,0.0257678031921386,3.6114245329299743,0.0,16.58036708831787,0.7913891928536552,0.0036156177520752,0.0037119388580322,-673.7424061855088,1,16.598212957382202,0.0037119388580322,0.0015759468078613,-16.57665514945984,-0.1508492476431312,0.0172481536865234,0.0
HUAWEI-MateBook,0.0,0.0299339294433593,0.0299339294433593,0.0009338855743408,0.0134225606918334,0.0057772400133263,0.0100619792938232,0.0023829936981201,0.0037417411804199,0.0043627619743347,0.0024139881134033,0.0311982286224062,0,0.0033400058746337,0.0024139881134033,0.0023829936981201,3.099441528320009e-05,0.255495730852555,0.0103131771087646,0.0100619792938232
HUAWEI-PadSE,2.8405749797821045,0.0323750972747802,0.0323750972747802,5.960464477499923e-06,0.0093669891357422,0.0037239819407672,0.0100400447845458,0.0018751621246337,0.0029431906613436,0.0039024353027343,0.003364086151123,0.0001841064577169,3,0.0142860412597655,0.003364086151123,0.0008981227874755,0.0014889240264893,0.2062065969025918,0.0080490112304688,0.0100400447845458
HUAWEI-PadSE,2.010936975479126,0.0386409759521484,0.0386409759521484,6.914138794000065e-06,0.0111317753791809,0.0041878198079919,0.01133394241333,0.0020809173583984,0.0032200813293457,0.0039722323417663,0.0048558712005615,0.0001789328199826,6,0.0168929100036621,0.0048558712005615,0.0008869171142578,0.0027749538421631,0.1676477121279418,0.0100205183029175,0.01133394241333
HUAWEI-PadSE,2.5561230182647705,0.0404098033905029,0.0404098033905029,7.1525573730000375e-06,0.0132604837417602,0.0056836603522744,0.0107319355010986,0.0022399425506591,0.0036736184900457,0.0038466453552246,0.0035529136657714,0.0001770005487005,6,0.0260818004608154,0.0035529136657714,0.0012509822845458,0.0013129711151123,0.1776554507318986,0.0071790218353272,0.0107319355010986
HUAWEI-PadSE,2.2031800746917725,0.0352430343627929,0.0352430343627929,6.198883056700039e-06,0.0122895240783691,0.0052734318269254,0.0108199119567871,0.0021939277648925,0.0032039122147993,0.0021411180496216,0.0043249130249023,0.0001758895954556,6,0.0063390731811522,0.0043249130249023,0.0012850761413574,0.0021309852600098,0.1842917061290772,0.0064949989318848,0.0108199119567871
HUAWEI-PadSE,1.981845140457153,0.039355993270874,0.039355993270874,0.0012960433959961,0.0110069036483764,0.0046703454897722,0.0107080936431884,0.0024521350860595,0.0039355993270874,0.0067745447158813,0.0036959648132324,0.0329312841141086,5,0.0208308696746826,0.0036959648132324,0.0024521350860595,0.0012438297271729,0.1781718169757243,0.0083970069885254,0.0107080936431884
HUAWEI-PadSE,1.9574449062347408,0.0467429161071777,0.0467429161071777,0.0012280941009521,0.0157550811767577,0.0059587595762693,0.0098600387573242,0.0021669864654541,0.0038952430089314,0.0037342309951782,0.0041608810424804,0.0262733736623594,5,0.0231649875640869,0.0041608810424804,0.0021400451660156,0.0019938945770263,0.1219255919287554,0.0129160165786743,0.0098600387573242
HUAWEI-PadSE,12.710445165634155,0.0378730297088623,0.0378730297088623,0.0026938915252686,0.0124374628067016,0.0052653876773147,0.0122320652008056,0.0038120746612548,0.0034430027008056,0.0026004314422608,0.0055341720581054,0.0711295490742909,6,0.0074639320373535,0.0055341720581054,0.0037870407104492,0.0017220973968506,0.1768512631333767,0.0066978931427002,0.0122320652008056
HUAWEI-PadSE,2.135658025741577,0.0399360656738281,0.0399360656738281,1.4066696166999994e-05,0.0120425224304199,0.0049049218834672,0.0106899738311767,0.002087116241455,0.0036305514248934,0.0044134855270386,0.0042810440063476,0.0003522303944982,6,0.0131559371948241,0.0042810440063476,0.0020840167999267,0.0021939277648926,0.1604797497373198,0.0079948902130127,0.0106899738311767
HUAWEI-PadSE,2.802182912826538,0.043997049331665,0.043997049331665,0.0015819072723388,0.0134309530258178,0.005892017914272,0.0112969875335693,0.0022890567779541,0.003999731757424,0.0049479007720947,0.0047249794006347,0.0359548491630412,5,0.026015043258667,0.0047249794006347,0.0022609233856201,0.0024359226226806,0.1493738383088494,0.0066850185394286,0.0112969875335693
HUAWEI-PadSE,2.705784797668457,0.0358469486236572,0.0358469486236572,0.0010371208190918,0.0131252050399779,0.005552469914554,0.0112769603729248,0.0020029544830322,0.0035846948623657,0.0034165978431701,0.0042049884796142,0.0289319135634142,6,0.0064921379089355,0.0042049884796142,0.0019769668579101,0.0022020339965819,0.1972823954294243,0.0081725597381592,0.0112769603729248
HUAWEI-PadSE,1.9426298141479488,0.0355370044708251,0.0355370044708251,0.001328945159912,0.0096980333328247,0.0038453633973135,0.0112738609313964,0.0025458335876464,0.003230636770075,0.0043649673461913,0.004288911819458,0.0373960940068296,5,0.0118520259857176,0.004288911819458,0.0025169849395751,0.0017430782318116,0.1965542458051817,0.0069849491119383,0.0112738609313964
HUAWEI-PadSE,2.076389074325561,0.0390200614929199,0.0390200614929199,0.0018479824066163,0.011828064918518,0.0050757360602961,0.0111310482025146,0.002958059310913,0.0035472783175381,0.0038028955459595,0.0049810409545898,0.0473598025198297,3,0.010382890701294,0.0049810409545898,0.002946138381958,0.0020229816436768,0.1576114186555217,0.0061500072479247,0.0111310482025146
HUAWEI-PadSE,2.1296639442443848,0.0377471446990966,0.0377471446990966,0.0012340545654297,0.0115154981613159,0.0044106063911609,0.0107679367065429,0.0020489692687988,0.0034315586090087,0.0040390491485595,0.0041711330413818,0.0326926599420176,6,0.014829158782959,0.0041711330413818,0.002026081085205,0.002122163772583,0.1747629845316215,0.0108809471130371,0.0107679367065429
HUAWEI-PadSE,1.9020259380340576,0.0352349281311035,0.0352349281311035,0.0029470920562744,0.010187029838562,0.003994815743517,0.0123038291931152,0.003829002380371,0.0032031752846457,0.0032225847244262,0.0053608417510986,0.0836412109401428,6,0.0095000267028809,0.0053608417510986,0.0038039684295654,0.0015318393707275,0.1970484348991109,0.0069429874420166,0.0123038291931152
HUAWEI-PadSE,2.0787792205810547,0.0429780483245849,0.0429780483245849,7.1525573730000375e-06,0.0122240781784057,0.0047788965695615,0.0108740329742431,0.0021920204162597,0.0039070953022349,0.0060354471206664,0.0035722255706787,0.0001664235034355,5,0.0185158252716064,0.0035722255706787,0.0013091564178466,0.001380205154419,0.1698962072083557,0.010859966278076,0.0108740329742431
OPPO-A36,11.566805124282835,0.2029480934143066,0.2029480934143066,0.001107931137085,0.0821828365325927,0.0369305965038269,0.0539979934692382,0.0142631530761718,0.0202948093414306,0.0152984261512756,0.0190529823303222,0.0054591847523456,4,0.0281181335449219,0.0190529823303222,0.0027251243591308,0.0047898292541503,0.1721869397786251,0.043533706665039,0.0539979934692382
OPPO-A36,11.47411608695984,0.198958158493042,0.198958158493042,1.0013580322299886e-05,0.0812309741973875,0.0365487565567611,0.0510830879211425,0.0136210918426513,0.0198958158493042,0.0159040093421936,0.0161290168762207,5.033008145102068e-05,2,0.0287811756134034,0.0161290168762207,0.0012600421905517,0.0025079250335694,0.1756855376510947,0.0433680534362792,0.0510830879211425
OPPO-A36,11.344034194946287,0.2091600894927978,0.2091600894927978,0.0031440258026123,0.0863070487976073,0.0391656094839118,0.0537149906158447,0.0164291858673095,0.0209160089492797,0.0158966779708862,0.0181081295013427,0.0150316717220593,3,0.0276560783386229,0.0181081295013427,0.0046000480651855,0.0016789436340331,0.17023735838346,0.0448250770568847,0.0537149906158447
OPPO-A36,11.4584698677063,0.2072620391845703,0.2072620391845703,0.0011389255523681,0.0868416786193847,0.0396007367691274,0.0515320301055908,0.0142958164215087,0.020726203918457,0.0159032344818115,0.0160629749298095,0.0054950996180919,5,0.0268561840057373,0.0160629749298095,0.0025019645690917,0.0017671585083008,0.1711314590714583,0.0448095321655273,0.0515320301055908
OPPO-A36,11.331866979599,0.1995999813079834,0.1995999813079834,0.002629041671753,0.080818724632263,0.0362537978816053,0.0522570610046386,0.01544189453125,0.0199599981307983,0.0149923563003539,0.0174920558929443,0.0131715526951697,5,0.028843879699707,0.0174920558929443,0.0036180019378662,0.0020501613616943,0.1741733886139587,0.0431384086608886,0.0522570610046386
OPPO-A36,11.555366039276125,0.2064769268035888,0.2064769268035888,0.0024878978729247,0.0807502150535583,0.0358065051989862,0.0531771183013916,0.0158281326293945,0.0206476926803588,0.0154568552970886,0.0177440643310546,0.0120492779093492,4,0.0354719161987304,0.0177440643310546,0.0039889812469482,0.0019159317016601,0.1716078136132018,0.0436725378036499,0.0531771183013916
OPPO-A36,11.380383968353271,0.1996359825134277,0.1996359825134277,0.0028800964355469,0.0821341514587401,0.0370260320674181,0.0528419017791748,0.0151598453521728,0.0199635982513427,0.0149102807044982,0.0176959037780761,0.0144267401060987,4,0.0262150764465332,0.0176959037780761,0.003911018371582,0.0025360584259032,0.1760504171573115,0.0436892986297607,0.0528419017791748
OPPO-A36,11.314232110977173,0.1993861198425293,0.1993861198425293,0.0019631385803223,0.0818620204925536,0.0368323214643594,0.0529050827026367,0.0158901214599609,0.0199386119842529,0.015661358833313,0.0175240039825439,0.0098459139576653,3,0.0265891551971436,0.0175240039825439,0.0039410591125488,0.001633882522583,0.1774500589511245,0.0438321590423583,0.0529050827026367
OPPO-A36,11.250411033630373,0.1961290836334228,0.1961290836334228,0.0018529891967774,0.1092522144317626,0.0541644727205622,0.0,0.0148110389709472,0.0245161354541778,0.0121901631355284,0.0170130729675292,0.0094478042850633,4,0.0216250419616698,0.0170130729675292,0.0029151439666748,0.002202033996582,-0.0867442637896971,0.0610134601593017,0.0
OPPO-A36,11.557728052139282,0.2061119079589843,0.2061119079589843,1.0967254638699847e-05,0.0870593070983886,0.0387417669892532,0.0508019924163818,0.0015149116516113,0.0229013231065538,0.0179719924926757,0.0157170295715332,5.321019414793978e-05,3,0.0336010456085204,0.0157170295715332,0.0015149116516113,0.0142021179199219,0.1702228813088781,0.0524097442626953,0.0508019924163818
OPPO-A36,11.170711040496826,0.2001729011535644,0.2001729011535644,0.0042529106140137,0.0806542158126829,0.0361311837035477,0.0553870201110839,0.0171248912811279,0.0200172901153564,0.0150402188301086,0.0205399990081787,0.0212461856200557,3,0.0266530513763428,0.0205399990081787,0.0053498744964599,0.0034151077270508,0.1740846083665041,0.0431756019592284,0.0553870201110839
OPPO-A36,11.170842170715332,0.2006731033325195,0.2006731033325195,0.0018060207366943,0.0774379968643188,0.0354559088231363,0.0543761253356933,0.0153031349182128,0.0182430093938654,0.01344895362854,0.019921064376831,0.0089998146572821,3,0.0258760452270508,0.019921064376831,0.003749132156372,0.0046179294586181,0.1716974541514392,0.0344550609588623,0.0543761253356933
OPPO-A36,11.260958909988403,0.198758840560913,0.198758840560913,0.0014500617980957,0.0860407829284667,0.038359757454564,0.0517849922180175,0.0147109031677246,0.0220843156178792,0.0173768997192383,0.0164639949798584,0.0072955839046128,5,0.0271198749542236,0.0164639949798584,0.0029749870300292,0.0017530918121337,0.1777078047873517,0.0522275924682616,0.0517849922180175
OPPO-A36,11.146858930587769,0.2067430019378662,0.2067430019378662,0.0035450458526612,0.0804153442382812,0.0356227084200338,0.0551049709320068,0.0159049034118652,0.0206743001937866,0.01345157623291,0.0201849937438964,0.0171471141438036,4,0.0339992046356201,0.0201849937438964,0.0046420097351074,0.0042800903320312,0.1689052440024312,0.0431918621063232,0.0551049709320068
OPPO-A36,11.241205215454102,0.1956310272216797,0.1956310272216797,0.0012760162353516,0.0801682949066161,0.0360137775834664,0.052042007446289,0.0150680541992187,0.0195631027221679,0.0156672596931457,0.0170381069183349,0.0065225657375181,5,0.0264680385589599,0.0170381069183349,0.0031161308288574,0.0019700527191161,0.1789281640293661,0.0432156085968017,0.052042007446289
OPPO-FINDX3PRO_2,10.726315021514893,0.0747480392456054,0.0747480392456054,0.0032660961151123,0.0296036005020141,0.0126880456923862,0.0,0.0055899620056152,0.006795276295055,0.003779649734497,0.0085499286651611,0.0436947396624095,6,0.0490720272064209,0.0085499286651611,0.0055611133575439,0.0029599666595459,-0.1143833169598996,0.0171260833740234,0.0
OPPO-FINDX3PRO_2,10.744894981384276,0.0529251098632812,0.0529251098632812,0.0009610652923584,0.0155177593231201,0.006217395734011,0.0134501457214355,0.0038039684295654,0.0058805677625868,0.0083062648773193,0.0,0.0181589664119937,1,0.0254230499267578,0.0,0.0024640560150146,-0.0038039684295654,0.254135433184373,0.0145405292510986,0.0134501457214355
OPPO-FINDX3PRO_2,10.71226406097412,0.0590541362762451,0.0590541362762451,0.0025629997253418,0.0192935466766357,0.0084740969306202,0.0144240856170654,0.0053160190582275,0.005368557843295,0.0043309926986694,0.0073380470275878,0.0434008502529361,4,0.0354430675506592,0.0073380470275878,0.0036909580230712,0.0020220279693603,0.1199922484062814,0.0091869831085205,0.0144240856170654
OPPO-FINDX3PRO_2,10.72765612602234,0.0625419616699218,0.0625419616699218,0.0044357776641846,0.0206129550933838,0.0092993183180179,0.0149500370025634,0.0051989555358886,0.0056856328790838,0.0051974058151245,0.0085580348968505,0.0709248246416596,6,0.0386710166931152,0.0085580348968505,0.0051639080047607,0.0033590793609618,0.1022034156755111,0.0089209079742431,0.0149500370025634
OPPO-FINDX3PRO_2,10.619334936141968,0.055272102355957,0.055272102355957,0.0060329437255858,0.01717209815979,0.0080432890235027,0.0168850421905517,0.0070869922637939,0.0050247365778142,0.0054830312728882,0.0106580257415771,0.109149886985178,4,0.0357341766357422,0.0106580257415771,0.0070559978485107,0.0035710334777831,0.1126611108235414,0.0062270164489745,0.0168850421905517
OPPO-FINDX3PRO_2,10.696164846420288,0.0739998817443847,0.0739998817443847,0.0033547878265381,0.0266569852828979,0.0122130084499926,0.0,0.0056219100952148,0.0067272619767622,0.0075918436050414,0.0087978839874267,0.0453350430765069,2,0.0527420043945311,0.0087978839874267,0.0055928230285644,0.0031759738922119,-0.1188905141472649,0.0124599933624267,0.0
OPPO-FINDX3PRO_2,10.709430932998655,0.078042984008789,0.078042984008789,0.0041399002075195,0.0353524684906005,0.0154203300481369,0.0,0.0051698684692382,0.0086714426676432,0.0037391185760497,0.0073070526123046,0.053046411027201,6,0.0530059337615966,0.0073070526123046,0.0051338672637939,0.0021371841430664,-0.0936285651440711,0.023604154586792,0.0
OPPO-FINDX3PRO_2,10.7396399974823,0.084501028060913,0.084501028060913,-0.0010468959808349,0.0341843247413634,0.0148693550123489,0.016434907913208,0.0,0.0105626285076141,0.0057860612869262,0.0088739395141601,-0.0123891508169609,5,0.0559611320495605,0.0088739395141601,0.0,0.0088739395141601,0.0894778273419056,0.0222954511642455,0.016434907913208
OPPO-FINDX3PRO_2,10.746639013290403,0.0677790641784668,0.0677790641784668,7.867813110299954e-06,0.0310036301612853,0.0153864858154178,0.0120489597320556,0.0021979808807373,0.0067779064178466,0.0035150051116943,0.0042951107025146,0.0001160802853456,2,0.0513951778411865,0.0042951107025146,0.0010149478912353,0.0020971298217773,0.1143988800011254,0.0119810819625854,0.0120489597320556
OPPO-FINDX3PRO_2,10.719262838363647,0.051865816116333,0.051865816116333,0.0033800601959228,0.0175723552703857,0.0071034043105787,0.0155019760131835,0.0045249462127685,0.0057628684573703,0.0070922374725341,0.0072958469390869,0.0651693244032149,3,0.0185198783874512,0.0072958469390869,0.0045139789581298,0.0027709007263184,0.1582184507747949,0.0173007488250732,0.0155019760131835
OPPO-FINDX3PRO_2,1.90866494178772,0.0688438415527343,0.0688438415527343,0.0068049430847167,0.0187809467315673,0.0073766748990074,0.0235469341278076,0.0081479549407958,0.0062585310502485,0.0073773860931396,0.0142769813537597,0.0988460685986577,6,0.0210239887237549,0.0142769813537597,0.0081479549407958,0.0061290264129639,0.1346518811990921,0.0132889747619627,0.0235469341278076
OPPO-FINDX3PRO_2,10.61944580078125,0.0635550022125244,0.0635550022125244,0.0032808780670166,0.0237375974655151,0.0114146920673219,0.0170459747314453,0.0054190158843994,0.0063555002212524,0.0049663782119751,0.0108869075775146,0.0516226567980522,6,0.0083889961242675,0.0108869075775146,0.0042848587036132,0.0054678916931152,0.096909243010253,0.0093551635742187,0.0170459747314453
OPPO-FINDX3_2,6.560403823852539,0.0589258670806884,0.0589258670806884,1.8119812011700105e-05,0.0232324361801147,0.0091670316292935,0.0,0.0021507740020751,0.0058925867080688,0.0026850700378417,0.0048398971557617,0.0003075018308494,5,0.028311014175415,0.0048398971557617,0.0008599758148193,0.0026891231536865,-0.0821353574506477,0.0206899166107177,0.0
OPPO-FINDX3_2,9.45176911354065,0.0545811653137207,0.0545811653137207,0.0021910667419434,0.0200458288192749,0.0085375256841184,0.0175609588623046,0.0059230327606201,0.006822645664215,0.0109565258026122,0.0,0.0401432752369727,6,0.0236291885375977,0.0,0.0047831535339355,-0.0059230327606201,0.3217402699515119,0.0164624691009521,0.0175609588623046
OPPO-FINDX3_2,9.351985216140749,0.0631911754608154,0.0631911754608154,0.0047841072082519,0.0239052772521972,0.0097351076016192,0.0263290405273437,0.0058801174163818,0.0063191175460815,0.0053327083587646,0.0101552009582519,0.0757084699463852,5,0.0360531806945801,0.0101552009582519,0.005843162536621,0.00427508354187,0.2559509211712819,0.0175795555114746,0.0263290405273437
OPPO-FINDX3_2,9.344453811645508,0.0483438968658447,0.0483438968658447,0.0045311450958252,0.0173381090164184,0.007198324782203,0.0158259868621826,0.0064430236816406,0.0048343896865844,0.0031669735908508,0.0,0.093727344909725,5,0.029512882232666,0.0,0.0055279731750488,-0.0064430236816406,0.3273626639180543,0.0108293533325195,0.0158259868621826
OPPO-FINDX3_2,9.494329929351808,0.0584738254547119,0.0584738254547119,0.007310152053833,0.0161715984344482,0.0059659342223144,0.02183198928833,0.0085690021514892,0.0064970917171902,0.0056259632110594,0.0143139362335205,0.1250157997529121,3,0.0243349075317383,0.0143139362335205,0.0085690021514892,0.0057449340820312,0.1285712538276163,0.0135951519012451,0.02183198928833
OPPO-FINDX3_2,9.315356969833374,0.0528459548950195,0.0528459548950195,0.0012030601501465,0.021776270866394,0.0098071463019038,0.014657974243164,0.0036389827728271,0.0052845954895019,0.0023679137229919,0.0055680274963378,0.0227654160576041,3,0.0060319900512694,0.0055680274963378,0.0036389827728271,0.0019290447235107,0.1720083734863666,0.0113965511322021,0.014657974243164
OPPO-FINDX3_2,9.36604619026184,0.0634729862213134,0.0634729862213134,-6.91413879390021e-06,0.0192994594573974,0.0073400746359326,0.0158441066741943,0.0024151802062988,0.0070525540245903,0.004802703857422,0.0090031623840332,-0.0001089304160007,2,0.0337829589843749,0.0090031623840332,0.0024151802062988,0.0065879821777343,0.1077772560803827,0.0156637668609618,0.0158441066741943
OPPO-FINDX3_2,9.354969024658203,0.0613529682159423,0.0613529682159423,0.0066518783569336,0.01962012052536,0.0082853103507353,0.0192761421203613,0.0080130100250244,0.0061352968215942,0.0055584311485291,0.0120501518249511,0.1084198295593649,5,0.0325779914855957,0.0120501518249511,0.0079879760742187,0.0040371417999267,0.1177773546338799,0.0113390684127807,0.0192761421203613
OPPO-FINDX3_2,9.341399908065796,0.0551080703735351,0.0551080703735351,7.152557373100001e-06,0.0192229747772217,0.0074493056198918,0.0121269226074218,0.0030138492584228,0.0050098245794122,0.0041520595550537,0.0057370662689208,0.0001297914683751,6,0.0274970531463623,0.0057370662689208,0.0008430480957031,0.002723217010498,0.115951371463183,0.0154840946197509,0.0121269226074218
OPPO-FINDX3_2,9.457815885543823,0.0631208419799804,0.0631208419799804,0.0028150081634522,0.024854815006256,0.0118969393137865,0.0169849395751953,0.0052540302276611,0.006312084197998,0.003338873386383,0.0101740360260009,0.0445971263239013,6,0.0065178871154785,0.0101740360260009,0.0052540302276611,0.0049200057983398,0.1079026092737255,0.0100916147232056,0.0169849395751953
OPPO-FINDX3_2,9.353617906570436,0.0656299591064453,0.0656299591064453,0.0047159194946289,0.0188876152038573,0.0069031028422935,0.023000955581665,0.0129129886627197,0.0072922176784939,0.0049958229064941,0.0154590606689453,0.0718562004126826,1,0.0271830558776855,0.0154590606689453,0.005868911743164,0.0025460720062256,0.1149154291028506,0.0165931701660156,0.023000955581665
OPPO-FINDX3_2,9.347832202911375,0.0629851818084716,0.0629851818084716,0.0042839050292969,0.029573106765747,0.0130029750823549,0.0,0.0053222179412841,0.0089978831154959,0.0123153924942016,0.0085241794586181,0.0680144901752226,5,0.0330870151519775,0.0085241794586181,0.0053110122680664,0.003201961517334,-0.1353362682120826,0.0260591983795166,0.0
OPPO-FINDX5_2,0.0,0.0586590766906738,0.0586590766906738,0.0029129981994628,0.0158520221710205,0.0061799146300155,0.0198431015014648,0.0101041793823242,0.0065176751878526,0.006274938583374,0.0137000083923339,0.0496598031166425,0,0.0296280384063721,0.0137000083923339,0.010099172592163,0.0035958290100096,0.1047253631611898,0.0117000102996826,0.0198431015014648
OPPO-FINDX5_2,0.0,0.0607330799102783,0.0607330799102783,0.0027608871459961,0.018412446975708,0.0071718672183942,0.0133159160614013,0.0038409233093261,0.0050610899925231,0.0038525462150574,0.006782054901123,0.0454593633333727,0,0.0339820384979248,0.006782054901123,0.0038309097290039,0.0029411315917969,0.1075832342099371,0.0127449989318848,0.0133159160614013
OPPO-FINDX5_2,0.0,0.068572998046875,0.068572998046875,0.0022678375244141,0.018200397491455,0.0068234045774163,0.0181751251220703,0.0049099922180175,0.0062339089133522,0.0075869560241699,0.0108571052551269,0.0330718736092573,0,0.034437894821167,0.0108571052551269,0.0049059391021728,0.0059471130371093,0.1067186804628399,0.0159599781036377,0.0181751251220703
OPPO-FINDX5_2,0.0,0.0649189949035644,0.0649189949035644,0.0027899742126465,0.0214009284973144,0.0086217238817118,0.0146551132202148,0.0041959285736083,0.0059017268094149,0.0061548948287964,0.0077350139617919,0.0429762385691728,0,0.0358638763427733,0.0077350139617919,0.0041871070861816,0.0035390853881836,0.1065959087737347,0.0144000053405761,0.0146551132202148
OPPO-FINDX5_2,0.0,0.0586750507354736,0.0586750507354736,0.0045740604400635,0.0203590154647827,0.008958121636568,0.01863694190979,0.0068109035491943,0.0058675050735473,0.0060949325561523,0.0116360187530517,0.07795579863552,0,0.0312340259552002,0.0116360187530517,0.0068080425262451,0.0048251152038574,0.1193168658396353,0.0109049797058105,0.01863694190979
OPPO-FINDX5_2,0.0,0.0665538311004638,0.0665538311004638,0.0031020641326904,0.0183020234107971,0.0087855934320322,0.0159099102020263,0.0041289329528808,0.0047538450786045,0.005934715270996,0.0075159072875976,0.0466098507238117,0,0.0402939319610596,0.0089399814605712,0.0041179656982421,0.0033869743347167,0.1047261836953294,0.009335970878601,0.0159099102020263
OPPO-FINDX5_2,0.0,0.0808069705963134,0.0808069705963134,0.0038061141967773,0.0275369882583618,0.0112820735435692,0.0142960548400878,0.0055761337280273,0.0073460882360284,0.0074810981750488,0.0066020488739013,0.0471013103039274,0,0.0485370159149169,0.0066020488739013,0.0055761337280273,0.001025915145874,0.0952146319730679,0.0179738998413086,0.0142960548400878
OPPO-FINDX5_2,0.0,0.0691049098968505,0.0691049098968505,0.0018980503082275,0.0225239992141724,0.010598299369825,0.0154688358306884,0.0042488574981689,0.0062822645360773,0.0049450397491455,0.0079789161682128,0.0274662149340853,0,0.0457589626312255,0.0079789161682128,0.0042479038238525,0.0037300586700439,0.1083847685158035,0.0078771114349366,0.0154688358306884
OPPO-FINDX5_2,0.0,0.0609939098358154,0.0609939098358154,0.0034670829772949,0.0207050323486328,0.0084946608698587,0.0164289474487304,0.0066089630126953,0.0067771010928683,0.0078999996185301,0.0,0.0568431010018485,0,0.0333309173583985,0.0,0.0046889781951904,-0.0066089630126953,0.2693538993147703,0.0143910408020019,0.0164289474487304
OPPO-FINDX5_2,0.0,0.0810639858245849,0.0810639858245849,0.0054759979248047,0.0275119543075561,0.0109717607342954,0.0194940567016601,0.0065128803253173,0.0073694532567804,0.006026029586792,0.0141229629516601,0.0675515504092564,0,0.0425529479980469,0.0141229629516601,0.0065109729766845,0.0076100826263428,0.0662574594052475,0.0190169811248779,0.0194940567016601
OPPO-FINDX5_2,0.0,0.0847411155700683,0.0847411155700683,0.0030050277709961,0.0397248744964599,0.0194292560489685,0.0156919956207275,0.0039081573486328,0.0094156795077853,0.0070149898529052,0.0086669921875,0.0354612722617675,0,0.0085229873657226,0.0086669921875,0.003904104232788,0.0047588348388672,0.0828995864164529,0.0189236164093017,0.0156919956207275
OPPO-FINDX5_2,0.0,0.0725190639495849,0.0725190639495849,0.0032801628112793,0.0228754281997681,0.0091802086806651,0.0151021480560302,0.004518985748291,0.0065926421772349,0.0073995590209961,0.008998155593872,0.0452317312528973,0,0.0417258739471435,0.008998155593872,0.0045151710510253,0.0044791698455809,0.0841708666620639,0.0156910419464112,0.0151021480560302
OPPO-FINDX5_2,0.0,0.0646760463714599,0.0646760463714599,0.001971960067749,0.0218005180358886,0.0104010347639309,0.0126960277557373,0.0039129257202148,0.0058796405792236,0.0049676895141601,0.0071449279785156,0.0304898053975541,0,0.0446481704711914,0.0071449279785156,0.0039038658142089,0.0032320022583007,0.0858292998514404,0.0073318481445312,0.0126960277557373
OPPO-FINDX5_2,0.0,0.0628881454467773,0.0628881454467773,0.0036499500274657,0.0196905136108398,0.009124434835926,0.0144441127777099,0.0049309730529785,0.0057171041315252,0.005351185798645,0.0089650154113769,0.0580387607479183,0,0.0419430732727051,0.0089650154113769,0.0049221515655517,0.0040340423583983,0.0871244862987731,0.0073089599609375,0.0144441127777099
OPPO-FINDX5_2,0.0,0.067652940750122,0.067652940750122,0.000782012939453,0.0225520133972167,0.0107965730757305,0.0138740539550781,0.0042688846588134,0.0061502673409201,0.0054084062576294,0.0070440769195556,0.0115591862050976,0,0.0463860034942627,0.0070440769195556,0.0042610168457031,0.0027751922607421,0.1009560997614162,0.0073928833007811,0.0138740539550781
OPPO-FINDX5_2,0.0,0.0727238655090332,0.0727238655090332,0.0046219825744628,0.0239899158477783,0.0102545059400474,0.0167310237884521,0.0057480335235595,0.0066112605008212,0.0066975355148315,0.0093729496002197,0.0635552379141451,0,0.0429818630218506,0.0093729496002197,0.0057399272918701,0.0036249160766602,0.1011782602138831,0.0130109786987305,0.0167310237884521
IQOO-Z9X,10.180529832839966,0.2044508457183838,0.2044508457183838,1.0013580322299886e-05,0.0815531969070433,0.0364465402584534,0.0506789684295654,0.0140209197998046,0.0204450845718383,0.0166999101638793,0.0151679515838623,4.897793544025182e-05,4,0.0345478057861328,0.0151679515838623,0.0014548301696777,0.0011470317840576,0.1736897527663786,0.0438823223114013,0.0506789684295654
IQOO-Z9X,10.27394986152649,0.207007884979248,0.207007884979248,4.0531158447e-06,0.080883777141571,0.0361730780280908,0.049933910369873,0.0141170024871826,0.0207007884979248,0.0176889896392822,0.0153958797454833,1.957952396405728e-05,4,0.0382709503173827,0.0153958797454833,0.0007259845733642,0.0012788772583006,0.1668440341190483,0.0429645299911499,0.049933910369873
IQOO-Z9X,10.381669998168944,0.2125248908996582,0.2125248908996582,5.006790161200033e-06,0.0861634492874144,0.0387186255473783,0.0520598888397216,0.0133280754089355,0.0212524890899658,0.0166228413581848,0.0151979923248291,2.355860595907303e-05,4,0.0339639186859131,0.0151979923248291,0.0011630058288574,0.0018699169158935,0.1734474317753986,0.0458258152008055,0.0520598888397216
IQOO-Z9X,10.1260027885437,0.1996848583221435,0.1996848583221435,8.821487426800096e-06,0.081273317337036,0.0365869825823993,0.0504307746887207,0.0138819217681884,0.0199684858322143,0.0163503885269165,0.0154647827148437,4.4177047278010175e-05,5,0.03009295463562,0.0154647827148437,0.0012598037719726,0.0015828609466552,0.1751058756666856,0.0433855056762695,0.0504307746887207
IQOO-Z9X,10.2778799533844,0.2054429054260254,0.2054429054260254,5.00679016110007e-06,0.0820367336273192,0.0369188611478793,0.0501649379730224,0.0140628814697265,0.0205442905426025,0.0168474316596985,0.0155239105224609,2.437071336543614e-05,4,0.0344629287719726,0.0155239105224609,0.0011529922485351,0.0014610290527343,0.1686163237359141,0.0432584285736083,0.0501649379730224
IQOO-Z9X,10.505439043045044,0.2013509273529052,0.2013509273529052,5.006790161099853e-06,0.0905409812927245,0.0411500358201821,0.0499188899993896,0.01338791847229,0.0223723252614339,0.0180542469024658,0.0150189399719238,2.4865990074753996e-05,6,0.0237970352172851,0.0150189399719238,0.0010619163513183,0.0016310214996338,0.1733289758645963,0.0534469604492187,0.0499188899993896
IQOO-Z9X,10.19688606262207,0.2122831344604492,0.2122831344604492,4.506111145019965e-05,0.0816332101821898,0.0363876618816436,0.0500941276550293,0.0143020153045654,0.0212283134460449,0.0165545344352722,0.0155930519104003,0.0002122689188885,5,0.0419931411743163,0.0155930519104003,0.0023231506347656,0.0012910366058349,0.1625238662144257,0.0430705547332764,0.0500941276550293
IQOO-Z9X,10.141741037368774,0.201279878616333,0.201279878616333,0.0010290145874023,0.0798821806907653,0.0355496394954435,0.0506119728088378,0.0138640403747558,0.0201279878616333,0.0159692764282226,0.015467882156372,0.0051123569552808,4,0.0341818332672119,0.015467882156372,0.0019299983978271,0.0016038417816161,0.1746030993960168,0.0432782888412475,0.0506119728088378
IQOO-Z9X,10.155234098434448,0.1967589855194091,0.1967589855194091,5.00679016110007e-06,0.0812004923820494,0.0366313824031616,0.0502951145172119,0.0138309001922607,0.0196758985519409,0.016452431678772,0.0152289867401123,2.5446310103109268e-05,7,0.0275170803070068,0.0152289867401123,0.001094102859497,0.0013980865478515,0.1782186855890276,0.0434541940689086,0.0502951145172119
IQOO-Z9X,10.291454076766968,0.214616060256958,0.214616060256958,1.0013580322299886e-05,0.0882477521896361,0.040250014615328,0.0512890815734863,0.0143849849700927,0.0214616060256958,0.0161349177360535,0.0161960124969482,4.665811267950176e-05,4,0.0315890312194825,0.0161960124969482,0.0022950172424316,0.0018110275268555,0.163515577699644,0.0447575569152831,0.0512890815734863
IQOO-Z9X,10.29013705253601,0.2054851055145263,0.2054851055145263,3.099441528299929e-06,0.081454563140869,0.0363350558021462,0.0510621070861816,0.0137689113616943,0.0205485105514526,0.0160008668899536,0.0156819820404052,1.5083533770192513e-05,5,0.0352711677551269,0.0156819820404052,0.0010480880737304,0.0019130706787109,0.17217853798788,0.0437572956085205,0.0510621070861816
IQOO-Z9X,10.257920026779177,0.2041630744934082,0.2041630744934082,0.0011520385742187,0.0905558109283447,0.0410016772274344,0.0502481460571289,0.0139989852905273,0.0226847860548231,0.0183689594268799,0.0152721405029296,0.0056427371946531,6,0.0263059139251709,0.0152721405029296,0.002073049545288,0.0012731552124023,0.1713140617664854,0.0535026073455811,0.0502481460571289
VIVO-X60_2,9.636471033096312,0.251406192779541,0.251406192779541,0.0738232135772705,0.0994388461112976,0.0400400929325764,0.1071569919586181,0.087400197982788,0.0251406192779541,0.0157774686813354,0.0904321670532226,0.2936411898254484,5,0.0238521099090576,0.0904321670532226,0.0751252174377441,0.0030319690704345,0.066525111098045,0.0784806013107299,0.1071569919586181
VIVO-X60_2,9.566606998443604,0.2543950080871582,0.2543950080871582,0.0743999481201172,0.099574589729309,0.0399006470673133,0.1074929237365722,0.0873091220855712,0.0254395008087158,0.0150449872016906,0.0906870365142822,0.2924583649637773,4,0.0267300605773926,0.0906870365142822,0.0753700733184814,0.0033779144287109,0.0660621737378279,0.0789771556854248,0.1074929237365722
VIVO-X60_2,9.389251947402954,0.2533769607543945,0.2533769607543945,0.0749299526214599,0.1020116806030272,0.0414988009845812,0.1085658073425293,0.0769288539886474,0.0281529956393771,0.0167708396911621,0.091883897781372,0.2957252008957975,4,0.0247449874877929,0.091883897781372,0.0769288539886474,0.0149550437927245,0.0658383047593958,0.0839571952819823,0.1085658073425293
VIVO-X60_2,9.742932081222534,0.255634069442749,0.255634069442749,0.0743100643157959,0.0971035957336425,0.0384862810149936,0.1100358963012695,0.0889220237731933,0.0232394608584317,0.0166335105895997,0.0924999713897705,0.2906892046032156,6,0.0257010459899902,0.0925099849700927,0.0772690773010253,0.0035779476165771,0.0685585898991521,0.0743100643157959,0.1100358963012695
VIVO-X60_2,9.494130849838257,0.2513909339904785,0.2513909339904785,0.0728251934051513,0.0984792470932006,0.0395907380699566,0.105659008026123,0.0853028297424316,0.0251390933990478,0.0160432457923889,0.0883979797363281,0.2896890204000338,4,0.0262629985809326,0.0883979797363281,0.0738780498504638,0.0030951499938964,0.0686620953898388,0.0774895668029784,0.105659008026123
VIVO-X60_2,9.333518981933594,0.2513480186462402,0.2513480186462402,0.0732488632202149,0.0995896458625793,0.0401956343986842,0.1067769527435302,0.0868170261383056,0.025134801864624,0.0166026353836059,0.0902140140533447,0.2914240725458394,5,0.0234298706054687,0.0902140140533447,0.0744359493255615,0.0033969879150391,0.0658964362615367,0.0780380964279175,0.1067769527435302
VIVO-X60_2,9.512786865234377,0.2525639533996582,0.2525639533996582,0.0741310119628906,0.0988826274871825,0.0396577604060502,0.1079878807067871,0.0874309539794921,0.0252563953399658,0.0164112448692321,0.0905649662017822,0.2935138247760376,4,0.0254421234130859,0.0905649662017822,0.0756058692932128,0.00313401222229,0.0689841692390473,0.07863130569458,0.1079878807067871
VIVO-X60_2,9.335498094558716,0.2615540027618408,0.2615540027618408,0.0760929584503174,0.1000195741653442,0.0398830198182492,0.1096699237823486,0.0895509719848632,0.0237776366147128,0.0182108879089355,0.0924770832061767,0.2909263771413363,4,0.0279378890991211,0.0924770832061767,0.0776679515838623,0.0029261112213135,0.0657334255818173,0.0760929584503174,0.1096699237823486
VIVO-X60_2,9.35507607460022,0.2518091201782226,0.2518091201782226,0.0740399360656738,0.0998607873916625,0.0402729108048675,0.1065561771392822,0.0866072177886962,0.0251809120178222,0.0169180631637573,0.0897772312164306,0.2940319874564934,5,0.0242660045623779,0.0897772312164306,0.0747790336608886,0.0031700134277343,0.066633590995338,0.0787346363067626,0.1065561771392822
VIVO-X60_2,9.400672912597656,0.2515408992767334,0.2515408992767334,0.072211980819702,0.0983249902725219,0.0395720835604207,0.1067337989807128,0.0857529640197753,0.0251540899276733,0.0169085264205931,0.088932991027832,0.2870784871459725,5,0.0251169204711914,0.088932991027832,0.0737268924713134,0.0031800270080567,0.0707670522132354,0.0769598007202147,0.1067337989807128
VIVO-X60_2,9.299506902694702,0.2494959831237793,0.2494959831237793,0.0728759765625,0.0979586958885192,0.0393967869704644,0.1069920063018798,0.086716890335083,0.0249495983123779,0.0165623426437377,0.0895869731903076,0.2920927850222942,5,0.0240230560302734,0.0895869731903076,0.0744500160217285,0.0028700828552246,0.069760774877635,0.0774364709854125,0.1069920063018798
VIVO-X60_2,9.477282047271729,0.2515461444854736,0.2515461444854736,0.0722639560699462,0.098612344264984,0.039688922309887,0.1055920124053955,0.0853700637817382,0.0251546144485473,0.0157946348190307,0.0881731510162353,0.2872791241454286,4,0.0257840156555175,0.0881731510162353,0.0734500885009765,0.002803087234497,0.0692471809686835,0.0770545721054077,0.1055920124053955
VIVO-X60_2,9.39141583442688,0.2514398097991943,0.2514398097991943,0.0742390155792235,0.0988959550857543,0.039736478127172,0.1081860065460205,0.0876288414001464,0.0251439809799194,0.0164991617202757,0.0908570289611816,0.2952556146081744,4,0.0241839885711669,0.0908570289611816,0.0753538608551025,0.0032281875610351,0.068918989394234,0.0787220954895018,0.1081860065460205
VIVO-X60_2,9.412163019180298,0.2547929286956787,0.2547929286956787,0.07328200340271,0.0992331981658935,0.0397927184002418,0.1075849533081054,0.0868000984191894,0.0254792928695678,0.015649676322937,0.0903069972991943,0.2876139607871027,5,0.0267419815063477,0.0903069972991943,0.0745279788970947,0.0035068988800048,0.0678117563833479,0.0780004024505615,0.1075849533081054
VIVO-X60_2,9.435926914215088,0.2534940242767334,0.2534940242767334,0.073742151260376,0.0995134353637694,0.0400506488396634,0.1075749397277832,0.0877149105072021,0.0253494024276733,0.0171304941177367,0.0899760723114013,0.2909029176162095,4,0.0253200531005859,0.0899760723114013,0.0753021240234375,0.0022611618041991,0.0694251766549322,0.0784278392791748,0.1075749397277832
VIVO-X70_PRO_1,9.377449035644531,0.0384299755096435,0.4326939582824707,0.0121400356292724,0.0114232420921325,0.0043706665369356,0.0240340232849121,0.0134868621826171,0.0038429975509643,0.0046685338020324,0.0,0.028056864203653,3,0.0092580318450927,0.0,0.0134580135345458,-0.0134868621826171,0.0555450863707744,0.0107064485549927,0.0240340232849121
VIVO-X70_PRO_1,0.0,0.0520620346069335,0.4887661933898926,0.0112450122833252,0.0133846282958984,0.0047919334011314,0.0263690948486328,0.0134520530700683,0.0057846705118815,0.0062460899353026,0.0179340839385986,0.0230069354947283,0,0.0108819007873534,0.0179340839385986,0.0134520530700683,0.0044820308685303,0.017257762554182,0.0119582176208496,0.0263690948486328
VIVO-X70_PRO_1,0.0,0.036463975906372,0.4585869312286377,0.0108640193939208,0.0106617212295531,0.0045608553785315,0.0209488868713378,0.0108940601348876,0.0060773293177286,0.0071407556533813,0.0,0.0236902071430908,0,0.0132379531860351,0.0,0.0108640193939208,-0.0108940601348876,0.0456813865480464,0.0104594230651855,0.0209488868713378
VIVO-X70_PRO_1,0.0,0.0587918758392334,0.5243089199066162,0.009045124053955,0.0147292852401733,0.0061021135673242,0.0232510566711425,0.0127208232879638,0.0058791875839233,0.0086351037025451,0.0,0.0172515166355859,0,0.0173759460449218,0.0,0.0127110481262207,-0.0127208232879638,0.044346101674722,0.0112936973571777,0.0232510566711425
VIVO-X70_PRO_1,0.0,0.0407509803771972,0.4955110549926758,0.0134229660034179,0.0118926048278808,0.0050000065122029,0.0281939506530761,0.0145678520202636,0.0045278867085774,0.0083930492401123,0.0185968875885009,0.0270891352840075,0,0.00307297706604,0.0185968875885009,0.0145409107208251,0.0040290355682372,0.0193680099926671,0.0103622436523437,0.0281939506530761
VIVO-X70_PRO_1,0.0,0.0420770645141601,0.4182801246643066,0.0106880664825439,0.016972804069519,0.007036795657901,0.0,0.0116641521453857,0.00525963306427,0.0055790543556213,0.0151281356811523,0.0255524129699484,0,0.0065920352935791,0.0151281356811523,0.0116550922393798,0.0034639835357666,-0.0361674743529673,0.0135887145996093,0.0
VIVO-X70_PRO_1,0.0,0.0493850708007812,0.4640679359436035,0.011523962020874,0.0144945859909057,0.0055299648296924,0.0240399837493896,0.0131430625915527,0.0049385070800781,0.0056225061416625,0.0174329280853271,0.024832489229065,0,0.0084199905395508,0.0174329280853271,0.0131130218505859,0.0042898654937744,0.0142372595741357,0.0120640754699706,0.0240399837493896
VIVO-X70_PRO_1,0.0,0.0388100147247314,0.4030919075012207,0.0119500160217285,0.015583837032318,0.0068837521261693,0.0225849151611328,0.0119709968566894,0.0097025036811828,0.0050531029701232,0.0,0.0296458842247839,0,0.0,0.0,0.0119500160217285,-0.0119709968566894,0.0560291951806658,0.0149425745010375,0.0225849151611328
VIVO-X70_PRO_1,0.0,0.046921968460083,0.4846780300140381,0.0124690532684326,0.0152887701988219,0.0064322463941569,0.0239439010620117,0.0137298107147216,0.0058652460575103,0.0098606944084168,0.0,0.0257264668424757,0,0.0061709880828857,0.0,0.013711929321289,-0.0137298107147216,0.0494016637422542,0.0137704610824584,0.0239439010620117
VIVO-X70_PRO_1,0.0,0.0326950550079345,0.4814178943634033,0.0102050304412841,0.0100977659225463,0.0035790503961408,0.022709846496582,0.0126998424530029,0.0027245879173278,0.0019532442092895,0.0,0.021197862731668,0,0.0071871280670166,0.0,0.0126628875732421,-0.0126998424530029,0.0471728341685596,0.0092888116836547,0.022709846496582
VIVO-X70_PRO_1,8.513443946838379,0.0653119087219238,0.4874320030212402,0.0131571292877197,0.0128281116485595,0.0047201406895848,0.0417349338531494,0.0237250328063964,0.0059374462474476,0.0066564083099365,0.0338339805603027,0.0269927481293147,3,0.011077880859375,0.0338339805603027,0.0155401229858398,0.0101089477539062,0.016209344572934,0.0124990940093994,0.0417349338531494
VIVO-X70_PRO_1,0.0,0.0728130340576171,0.4514920711517334,0.0110590457916259,0.0158393263816833,0.0059859145492907,0.0260939598083496,0.0152759552001953,0.0060677528381347,0.0077049732208251,0.0197670459747314,0.0244944407626358,0,0.0268630981445312,0.0197670459747314,0.014204978942871,0.0044910907745361,0.0140133442819462,0.0124035835266112,0.0260939598083496
VIVO-X70_PRO_1,0.0,0.0522589683532714,0.503364086151123,0.0124449729919432,0.0159652471542358,0.0063383771283554,0.0303051471710205,0.0124759674072265,0.0074655669076102,0.0088900327682494,0.0222909450531005,0.0247236013341782,0,0.0044798851013183,0.0222909450531005,0.0124759674072265,0.009814977645874,0.0159212830998712,0.014456558227539,0.0303051471710205
XIAOMI-10MI1,1.2638649940490725,0.0443720817565918,0.0443720817565918,0.0028109550476074,0.0165239691734313,0.0064510548702047,0.0,0.003864049911499,0.0044372081756591,0.003089964389801,0.0062959194183349,0.0633496319381006,3,0.0198941230773925,0.0063209533691406,0.003864049911499,0.0024318695068359,-0.142453387781419,0.0148909330368041,0.0
XIAOMI-10MI1,11.123605966567991,0.0532901287078857,0.0532901287078857,0.0032410621643067,0.0168590545654296,0.0076946371332716,0.0149149894714355,0.0055000782012939,0.0048445571552623,0.0049890279769897,0.00850510597229,0.0608191843947845,3,0.0115840435028076,0.00850510597229,0.0054810047149658,0.003005027770996,0.1202827550723664,0.0069270133972167,0.0149149894714355
XIAOMI-10MI1,10.380878925323486,0.0464158058166503,0.0464158058166503,0.0024490356445313,0.0168149471282959,0.0072466752562208,0.0133910179138183,0.0037188529968261,0.004641580581665,0.0022794008255005,0.0057158470153808,0.052762967300522,3,0.0291128158569336,0.0057158470153808,0.0037109851837158,0.0019969940185547,0.1653568383312276,0.0093369483947753,0.0133910179138183
XIAOMI-10MI1,1.1960909366607666,0.0499341487884521,0.0499341487884521,0.0036098957061768,0.0144165992736816,0.0052170099503418,0.0137090682983398,0.0048160552978515,0.0038410883683424,0.0025498867034911,0.0072119235992431,0.0722931259221071,2,0.0195891857147217,0.0072119235992431,0.0047919750213623,0.0023958683013916,0.1301142576120021,0.0116490840911865,0.0137090682983398
XIAOMI-10MI1,10.256462097167969,0.0650150775909423,0.0650150775909423,0.0031869411468506,0.0239635705947875,0.0094625005684481,0.0255200862884521,0.0042181015014648,0.0059104615991765,0.0049984455108642,0.00655198097229,0.0490184933239946,3,0.0381510257720947,0.00655198097229,0.0042018890380859,0.0023338794708251,0.2917493298324491,0.0189681053161621,0.0255200862884521
XIAOMI-10MI1,11.006742000579834,0.0472548007965087,0.0472548007965087,0.0045101642608642,0.0133294701576232,0.0051918637475624,0.0144388675689697,0.0057129859924316,0.0047254800796508,0.0052317380905152,0.0074579715728759,0.0954435144121382,1,0.0234789848327636,0.0074579715728759,0.0057129859924316,0.0017449855804443,0.1477288207425808,0.0100628614425659,0.0144388675689697
XIAOMI-10MI1,11.12203884124756,0.0558969974517822,0.0558969974517822,0.0038561820983887,0.0206338882446288,0.0090215507976609,0.0147850513458251,0.0048890113830566,0.0062107774946424,0.0056571960449218,0.0081548690795898,0.0689872850811909,2,0.0370161533355713,0.0081548690795898,0.0048580169677734,0.0032658576965332,0.1186142828504271,0.0121306419372559,0.0147850513458251
XIAOMI-10MI1,10.27004599571228,0.0455000400543212,0.0455000400543212,0.0034840106964111,0.0144617557525634,0.005585440147347,0.0141899585723876,0.0055370330810546,0.0050555600060356,0.0048739910125732,0.0080389976501464,0.076571596250281,3,0.0136511325836181,0.0080389976501464,0.0055298805236816,0.0025019645690917,0.1351858353288864,0.0112645626068115,0.0141899585723876
XIAOMI-10MI1,11.121535062789915,0.0453300476074218,0.0453300476074218,0.0028948783874512,0.0136175394058227,0.0051905835188637,0.0140221118927001,0.0051581859588623,0.0045330047607421,0.005115509033203,0.0072371959686279,0.0638622401750407,3,0.0162138938903808,0.0072371959686279,0.0041220188140869,0.0020790100097656,0.1496781115879816,0.0121410369873046,0.0140221118927001
XIAOMI-10MI1,11.134507179260254,0.0491430759429931,0.0491430759429931,0.0025918483734131,0.0145676612854004,0.0053488490043879,0.01347017288208,0.004716157913208,0.0037802366109994,0.0020349025726317,0.0072231292724609,0.0527408658021262,3,0.0229580402374267,0.0072231292724609,0.004688024520874,0.0025069713592529,0.1271195074737647,0.0114212989807129,0.01347017288208
XIAOMI-10MI1,10.257505178451538,0.0538389682769775,0.0538389682769775,0.003748893737793,0.0151507854461669,0.0056738130917661,0.0139980316162109,0.0053110122680664,0.004141459098229,0.0037169456481934,0.0076839923858642,0.0696316043521973,3,0.0273900032043456,0.0076839923858642,0.0052800178527832,0.0023729801177977,0.1172763786605973,0.0111987590789795,0.0140290260314941
XIAOMI-13,1.6213979721069336,0.08604097366333,0.08604097366333,0.0192670822143554,0.0225602149963378,0.0088622178810951,0.0473768711090087,0.0373909473419189,0.0061457838330949,0.0060385465621948,0.0405330657958984,0.2239291513569538,5,0.0340299606323242,0.0405569076538085,0.0365040302276611,0.0031421184539795,0.0792641361996443,0.0183337450027465,0.0473768711090087
XIAOMI-13,10.869194984436035,0.0730738639831543,0.0730738639831543,0.0082709789276123,0.0246850252151489,0.0097584137764833,0.0332210063934326,0.0099339485168457,0.0066430785439231,0.0061455965042114,0.0278499126434326,0.1131865550385977,6,0.0357019901275635,0.0278499126434326,0.0099258422851562,0.0179159641265869,0.0735022545302681,0.0179159641265869,0.0332210063934326
XIAOMI-13,10.936070919036863,0.0709681510925293,0.0709681510925293,0.0083379745483398,0.0210108757019042,0.0100040019569212,0.0188410282135009,0.0092449188232421,0.0059140125910441,0.0048002600669861,0.0123579502105712,0.1174889639927159,5,0.04768705368042,0.0123579502105712,0.0092151165008544,0.0031130313873291,0.0913519360885838,0.0081524848937987,0.0188410282135009
XIAOMI-13,10.209616899490356,0.0794219970703125,0.0794219970703125,0.0201458930969238,0.0202469825744628,0.0082238982124013,0.030344009399414,0.0211091041564941,0.0072201815518465,0.0130704641342163,0.0237860679626464,0.2536563400576365,6,0.0332880020141602,0.0237860679626464,0.0210819244384765,0.0026769638061523,0.0825708453410185,0.0201458930969238,0.030344009399414
XIAOMI-13,11.212857007980348,0.0619339942932128,0.0619339942932128,-1.692771911630006e-05,0.015293002128601,0.0062240565411329,0.0253200531005859,0.0013048648834228,0.0056303631175648,0.0093890428543091,0.0185489654541015,-0.0002733187050097,5,0.0232720375061035,0.0185489654541015,0.0012810230255126,0.0172441005706787,0.1093274820033111,0.0133419036865234,0.0253200531005859
XIAOMI-13,10.876528978347778,0.0875191688537597,0.0875191688537597,0.0078091621398926,0.0253651142120361,0.0096915963873282,0.0344810485839843,0.0103900432586669,0.0079562880776145,0.00664222240448,0.028278112411499,0.0892280198974619,5,0.0432760715484618,0.028278112411499,0.0103721618652343,0.0178880691528321,0.070875172304825,0.0178880691528321,0.0344810485839843
XIAOMI-13,10.954497814178469,0.0867719650268554,0.0867719650268554,0.0093388557434081,0.0250758171081542,0.0098627609087232,0.0366718769073486,0.0117819309234619,0.0108464956283569,0.0144076943397521,0.0297780036926269,0.107625265147768,6,0.0324869155883789,0.0297780036926269,0.0093739032745361,0.017996072769165,0.079448162924374,0.0212636470794677,0.0366718769073486
XIAOMI-13,11.0729398727417,0.074779987335205,0.074779987335205,0.0201351642608642,0.0208861827850341,0.0080341364220833,0.0304808616638183,0.0213088989257812,0.006231665611267,0.008482277393341,0.0242450237274169,0.269258727881396,4,0.0301561355590819,0.0242450237274169,0.0212810039520263,0.0029361248016356,0.0833891280089277,0.0195337295532226,0.0305030345916748
XIAOMI-13,10.875661134719849,0.0892601013183593,0.0892601013183593,0.0096421241760253,0.0255124092102051,0.0098017308468193,0.0357601642608642,0.0106191635131835,0.0074383417765299,0.0068489909172057,0.0295929908752441,0.1080227787512277,6,0.0493090152740478,0.0295929908752441,0.0105891227722167,0.0189738273620606,0.0690921620582075,0.018040657043457,0.0357601642608642
XIAOMI-13,10.95066213607788,0.0724351406097412,0.0724351406097412,0.0089070796966553,0.0199978947639465,0.0091867940228202,0.0185811519622802,0.0096890926361083,0.0060362617174784,0.0067582726478576,0.0126810073852539,0.1229662788209934,6,0.0445940494537353,0.0126810073852539,0.009674072265625,0.0029919147491455,0.0814541744153505,0.0092246532440185,0.0185811519622802
XIAOMI-13,11.229995012283323,0.0773971080780029,0.0773971080780029,0.0008528232574463,0.0187842845916748,0.0069277142865757,0.0424201488494873,0.0326080322265625,0.0059536236983079,0.0093858242034911,0.0361881256103515,0.0110188000381978,6,0.0255179405212403,0.0361881256103515,0.0325779914855957,0.003580093383789,0.0805201046123712,0.0162277698516846,0.0424201488494873
XIAOMI-13,11.043987035751345,0.0885810852050781,0.0885810852050781,0.0090830326080323,0.0220222353935241,0.0080585708255744,0.0381689071655273,0.0124220848083496,0.0073817571004231,0.0080198645591736,0.0314669609069824,0.102539188665433,6,0.0386981964111328,0.0314669609069824,0.0102701187133789,0.0190448760986328,0.07565888635287,0.0183117866516113,0.0381689071655273
XIAOMI-MI11Lite,12.372322082519531,0.0648720264434814,0.0648720264434814,0.0027799606323241,0.0220614671707153,0.010579433271183,0.0133571624755859,0.0040161609649658,0.0058974569494073,0.0056339502334594,0.006782054901123,0.0428529951156403,3,0.0441439151763916,0.006782054901123,0.0039911270141601,0.0027658939361571,0.1013550513978678,0.0073709487915038,0.0133571624755859
XIAOMI-MI11Lite,12.404720067977903,0.0784780979156494,0.0784780979156494,0.0051980018615722,0.0305033802986144,0.015082784723298,0.0159718990325927,0.0063650608062744,0.0078478097915649,0.0059502720832824,0.0093550682067871,0.0662350642998402,3,0.0562441349029541,0.0093550682067871,0.0063428878784179,0.0029900074005127,0.0843143628801703,0.0109598398208617,0.0159718990325927
XIAOMI-MI11Lite,12.36861801147461,0.0617220401763916,0.0617220401763916,0.0037610530853272,0.0213375091552734,0.0094111042141636,0.014286994934082,0.0049271583557128,0.0061722040176391,0.005230188369751,0.0076930522918701,0.0609353332226011,3,0.041675090789795,0.0076930522918701,0.0048999786376953,0.0027658939361572,0.1068328691560985,0.0110549926757812,0.014286994934082
XIAOMI-MI11Lite,11.900486946105955,0.0588181018829345,0.0588181018829345,-0.0021750926971434,0.0198869705200195,0.0094537643195914,0.0129570960998535,0.0022549629211425,0.0053471001711758,0.0051784515380859,0.0061430931091308,-0.0369799879205991,3,0.0388340950012207,0.0061430931091308,4.792213439941406e-05,0.0038881301879883,0.1158487399726803,0.0070269107818603,0.0129570960998535
XIAOMI-MI11Lite,12.37362790107727,0.0618259906768798,0.0618259906768798,0.002305030822754,0.0199425220489501,0.0089550079915264,0.0131869316101074,0.0046210289001464,0.005620544606989,0.0051435232162476,0.0070159435272216,0.0372825537855227,3,0.0422639846801757,0.0070159435272216,0.0045928955078125,0.0023949146270751,0.0998121989688307,0.0086290836334228,0.0131869316101074
XIAOMI-MI11Lite,12.377620935440063,0.0762951374053955,0.0762951374053955,0.0036098957061768,0.0276349782943725,0.0124690501845555,0.0140230655670166,0.004810094833374,0.0069359215823086,0.0051956176757812,0.0078339576721191,0.0473148857049114,3,0.0498571395874023,0.0078339576721191,0.0047919750213623,0.0030238628387451,0.0811206074905084,0.0124149322509765,0.0140230655670166
XIAOMI-MI11Lite,12.421606063842772,0.0534651279449462,0.0534651279449462,-6.914138793899993e-06,0.0170700550079345,0.0065159692758011,0.0113739967346191,0.0012569427490234,0.0048604661768132,0.0065394639968871,0.0045089721679687,-0.0001293205320862,4,0.024489164352417,0.0045089721679687,0.0012431144714355,0.0032520294189452,0.1284019103764123,0.0165381431579589,0.0113739967346191
XIAOMI-MI11Lite,12.428783893585203,0.0758380889892578,0.0758380889892578,0.0012750625610351,0.0301808834075927,0.0129244623452914,0.0133190155029296,0.0035290718078613,0.0075838088989257,0.0051984786987304,0.0057849884033203,0.0168129574205872,3,0.0464551448822022,0.0057849884033203,0.0035231113433837,0.002255916595459,0.099343577877819,0.0186306476593017,0.0133190155029296
XIAOMI-MI11Lite,12.382736921310425,0.0651998519897461,0.0651998519897461,-0.003119945526123,0.0282735347747801,0.012962819056759,0.0124659538269042,0.0,0.0072444279988606,0.0043160915374756,0.0,-0.047852033875992,3,0.0471358299255371,0.0,0.0,0.0,0.1911960448754501,0.0156551837921142,0.0124659538269042
XIAOMI-MI11Lite,12.531246900558472,0.0657649040222168,0.0657649040222168,0.0030150413513183,0.0222004652023315,0.0088493107370705,0.0139679908752441,0.0042898654937744,0.0059786276383833,0.0060590505599975,0.0066668987274169,0.0458457500416902,3,0.0360288619995118,0.0066668987274169,0.0042700767517089,0.0023770332336425,0.1110180613258514,0.0157680511474608,0.0139679908752441
XIAOMI-MI11Lite,12.391906976699827,0.0833709239959716,0.0833709239959716,-6.91413879390021e-06,0.0317385196685791,0.0145104913657111,0.0111639499664306,0.0012397766113281,0.0075791749087246,0.0068315267562866,0.0043787956237792,-8.29322557854138e-05,3,0.0579929351806639,0.0043787956237792,0.0012259483337402,0.0031390190124511,0.0813851402556034,0.014214038848877,0.0111639499664306
XIAOMI-MI11Lite,12.282030820846558,0.0680170059204101,0.0680170059204101,0.0047709941864014,0.0197759866714477,0.0076606844612342,0.0150179862976074,0.0060858726501464,0.0056680838267008,0.0053095221519471,0.0088629722595214,0.0701441370704286,3,0.0385241508483887,0.0088629722595214,0.006058931350708,0.0027770996093749,0.0904922813757528,0.0136775970458983,0.0150179862976074
