Label,Next_Packet_After_First_Stage,First_Stage_Time_Diff,A_Mean_IAT,Type_6_Time_Ratio,A_IAT_P95,Type_6_Last_Time,Gap_34_Time_Ratio,A_Retran_intervals,A_IAT_StdDev,Gap_34_Time,Type_3_Last_Time,A_Silence_Total_Duration,Type_5_First_Occurrence_Time,Range_1,A_Silence_Max_Duration
HONOR-70_1,5.603617906570435,0.2029309272766113,0.0184482661160555,0.1458866433101411,0.0772035121917725,0.2029309272766113,0.0132067757421098,0.0069388151168823,0.0350769974168666,0.0026800632476806,0.0162389278411865,0.1192522048950196,0.0540738105773925,2,0.1192522048950196
HONOR-70_1,9.231966972351074,0.2005419731140136,0.0200541973114013,0.1536794375212507,0.0800293087959289,0.2005419731140136,0.0107604733609624,0.0087386608123779,0.0356824938091499,0.0021579265594482,0.0156619548797607,0.1167299747467042,0.052992820739746,6,0.1167299747467042
HONOR-70_1,4.803907871246338,0.201427936553955,0.0201427936553955,0.1437095342368468,0.0815109729766844,0.201427936553955,0.014570633840327,0.0083054542541503,0.0365268998649892,0.0029349327087402,0.0149519443511962,0.1194369792938231,0.0530438423156738,5,0.1194369792938231
HONOR-70_1,4.534456014633179,0.2076501846313476,0.0207650184631347,0.1425676389405567,0.0812256455421446,0.2076501846313476,0.0466939472850276,0.0081390380859375,0.0361197888445999,0.0096960067749024,0.0143060684204101,0.1190588474273681,0.0589871406555175,5,0.1190588474273681
HONOR-70_1,5.778409004211426,0.2012319564819336,0.0201231956481933,0.1423530972906115,0.0814118146896361,0.2012319564819336,0.0125232812181585,0.0080925941467285,0.0365742274049277,0.0025200843811035,0.0157580375671386,0.1197328567504883,0.0528531074523925,4,0.1197328567504883
HONOR-70_1,8.583173036575317,0.2026319503784179,0.0253289937973022,0.1499211671961409,0.0906666994094848,0.2026319503784179,-0.0768043299211667,0.0080261826515197,0.0398905863652589,-0.0155630111694335,0.0155630111694335,0.1194171905517577,0.0528359413146972,7,0.1194171905517577
HONOR-70_1,4.36447811126709,0.2011151313781738,0.0182831937616521,0.1407998217033496,0.0766265392303467,0.2011151313781738,0.0171646090632548,0.0070186456044514,0.0347219113085735,0.0034520626068114,0.0160930156707763,0.1183071136474609,0.0544910430908203,7,0.1183071136474609
HONOR-70_1,4.601876974105835,0.2017698287963867,0.0201769828796386,0.1364719172287319,0.0824710249900816,0.2017698287963867,0.0118293622471891,0.0082811832427978,0.0370744848983541,0.0023868083953857,0.0154390335083007,0.1208739280700683,0.0533599853515625,4,0.1208739280700683
HONOR-70_1,4.482576847076416,0.2002718448638916,0.022252427207099,0.1430105440350666,0.0861485004425048,0.2002718448638916,0.0117547479110142,0.0083213806152343,0.0384052042898848,0.0023541450500488,0.014056921005249,0.1203029155731202,0.0513279438018798,5,0.1203029155731202
HONOR-70_1,4.496638059616089,0.1976430416107177,0.9154889994654162,133.46299828100973,2.6295138359069736,26.54918098449707,-133.29643596007122,0.006920099258423,4.07632779108291,-26.345113039016724,26.362158060073853,26.002374172210693,0.0516989231109619,4,21.70337915420532
HONOR-70_2,5.8335020542144775,0.0333118438720703,0.003331184387207,0.3042155740051528,0.0094727039337158,0.0333118438720703,0.0838462639564843,0.0024224281311035,0.0036240348979463,0.0027930736541748,0.0040249824523925,0.0105679035186767,0.0126099586486816,2,0.0105679035186767
HONOR-70_2,5.764261960983276,0.0428950786590576,0.0042895078659057,0.3108078814995978,0.0126667976379394,0.0428950786590576,0.0978184142511742,0.0033342838287353,0.005240322441907,0.0041959285736084,0.0015690326690673,0.0175879001617432,0.0119750499725341,2,0.0175879001617432
HONOR-70_2,5.729249000549316,0.0317299365997314,0.0031729936599731,0.3183153623624005,0.008226203918457,0.0317299365997314,0.0930007138295063,0.0022742748260498,0.0033413746742817,0.00295090675354,0.002810001373291,0.0090699195861816,0.0125598907470703,2,0.0090699195861816
HONOR-70_2,5.735748052597046,0.047382116317749,0.0036447781782883,0.4318514604875842,0.0118839263916015,0.047382116317749,0.0550179887790277,0.0028206408023834,0.0043536793350142,0.0026068687438965,0.0064761638641357,0.0132038593292236,0.015916109085083,2,0.0132038593292236
HONOR-70_2,5.742671966552734,0.0355260372161865,0.0039473374684651,0.4139805512492709,0.0078649520874023,0.0355260372161865,0.0615071775151525,0.003686785697937,0.002914646861429,0.0021851062774659,0.0032939910888671,0.0086450576782227,0.0121738910675048,2,0.0086450576782227
HONOR-70_2,5.717315912246704,0.0357179641723632,0.0039686626858181,0.3852361626571957,0.0125636100769043,0.0357179641723632,0.0647611673297183,0.0029245376586913,0.0051465097397157,0.0023131370544432,0.0031149387359619,0.0165300369262696,0.0,2,0.0165300369262696
HONOR-70_2,4.539139032363892,0.0317010879516601,0.00352234310574,0.4628922114256508,0.0077653884887695,0.0317010879516601,0.0818567431786046,0.0036715865135193,0.0025692985111026,0.0025949478149414,0.0042910575866699,0.0085010528564454,0.0135478973388671,1,0.0085010528564454
HONOR-70_2,5.72167181968689,0.0397930145263671,0.0036175467751242,0.3599374490725198,0.0112069845199585,0.0397930145263671,0.0831316205723032,0.0038922429084777,0.0045967531640651,0.0033080577850341,0.0013139247894287,0.0146470069885254,0.0108230113983154,2,0.0146470069885254
HONOR-70_2,5.726178169250488,0.0578870773315429,0.0052624615755948,0.2999967050528018,0.0147695541381835,0.0578870773315429,0.0729707243941419,0.0032382806142171,0.0061218430155798,0.0042240619659424,0.0057029724121093,0.0217950344085692,0.0176711082458496,2,0.0217950344085692
HONOR-70_2,5.756701946258545,0.0412268638610839,0.0058895519801548,0.618553302721522,0.0148921012878417,0.0412268638610839,0.0818133450537249,0.008500337600708,0.0058026279786772,0.0033729076385498,0.0020020008087158,0.0185821056365967,0.0116569995880126,2,0.0185821056365967
HONOR-70_2,5.746462106704712,0.0408360958099365,0.0034030079841613,0.2180419082316,0.0123721837997436,0.0408360958099365,0.0562766013346654,0.0014584064483642,0.0051430952416215,0.00229811668396,0.0038080215454101,0.0183210372924804,0.0136110782623291,2,0.0183210372924804
HONOR-70_2,0.0,0.0347719192504882,0.0028976599375406,0.5885192397356089,0.0093268752098083,0.0347719192504882,0.0910219138257306,0.0031165736062186,0.0035001776194994,0.0031650066375732,0.0023829936981201,0.0120301246643067,0.0126631259918212,0,0.0120301246643067
HUAWEI-mate30_1,1.080408811569214,0.0351698398590087,0.0025121314185006,0.4154413509317817,0.0090974450111389,0.0351698398590087,0.0759729650946017,0.0018296241760253,0.0033940663665705,0.0026719570159911,0.0010328292846679,0.0102980136871338,0.014028787612915,1,0.0102980136871338
HUAWEI-mate30_1,1.1716959476470947,0.3406300544738769,0.0037075042724609,0.0245662858558722,0.012960660457611,0.0370750427246093,0.005789854595697,0.0031832853953043,0.005708728422619,0.0019721984863281,0.002126932144165,0.0188710689544678,0.0098359584808349,1,0.0188710689544678
HUAWEI-mate30_1,1.2713119983673096,0.3610191345214844,0.0032390897924249,0.0422797419668426,0.0094155073165893,0.0356299877166748,0.0052158729487844,0.0038179755210876,0.0036866987876333,0.0018830299377442,0.0022120475769042,0.009680986404419,0.0112161636352539,1,0.009680986404419
HUAWEI-mate30_1,1.3052141666412354,0.3673310279846191,0.0037865161895751,0.0258980020743843,0.0152377009391784,0.0378651618957519,0.0068851909978462,0.0027610659599303,0.0073593263391445,0.0025291442871093,0.0016050338745117,0.0242178440093995,0.0,1,0.0242178440093995
HUAWEI-mate30_1,1.309028148651123,0.3624100685119629,0.0039255142211913,0.024861551335541,0.0144206881523132,0.039255142211914,-0.0065786963392185,0.0022547841072082,0.0059147734843284,-0.0023841857910156,0.0023841857910156,0.0188329219818116,0.0114121437072753,1,0.0188329219818116
HUAWEI-mate30_1,0.0,0.4169180393218994,0.0032330859791148,0.0497054637180823,0.0114625692367553,0.0355639457702636,0.0033911273697147,0.0058162212371826,0.0047100435498517,0.0014138221740722,0.0032260417938232,0.0159931182861328,0.0115718841552734,0,0.0159931182861328
HUAWEI-mate30_1,1.3005189895629885,0.3434889316558838,0.0031971931457519,0.0502027837914564,0.0100529193878173,0.0351691246032714,0.0058138526005121,0.0030253330866495,0.0042146040929078,0.0019969940185546,0.0009529590606689,0.0125908851623534,0.0104100704193115,1,0.0125908851623534
HUAWEI-mate30_1,1.272536039352417,0.3796350955963135,0.0034693956375122,0.0258380147019572,0.0108857631683349,0.034693956375122,0.0075519451361391,0.0026739835739135,0.0043906138732693,0.0028669834136963,0.0009260177612304,0.0139439105987548,0.0109410285949707,1,0.0139439105987548
HUAWEI-mate30_1,1.1363718509674072,0.4117779731750488,0.0026313577379499,0.0341180298786073,0.0092254519462585,0.0368390083312988,0.0055421678375935,0.0020528733730315,0.00344975589656,0.0022821426391601,0.0035789012908935,0.0111410617828369,0.0116488933563232,1,0.0111410617828369
HUAWEI-mate30_1,1.3383290767669678,0.4578220844268799,0.0036781072616577,0.0127301464136086,0.0143925189971923,0.0367810726165771,0.002406984525412,0.0023833910624186,0.006230454293533,0.0011019706726074,0.0023360252380371,0.0201079845428467,0.0108449459075927,1,0.0201079845428467
HUAWEI-mate30_1,1.1731958389282229,0.0385949611663818,0.0038594961166381,0.2299001105764197,0.0159221649169921,0.0385949611663818,-0.0851623743660378,0.0020147800445556,0.0080165431946975,-0.0032868385314941,0.0032868385314941,0.0264351367950439,0.0,0,0.0264351367950439
HUAWEI-mate30_1,1.4222369194030762,0.3508188724517822,0.0033171827142888,0.0280058799503344,0.0108705759048462,0.0364890098571777,0.0046858827503108,0.0027684569358825,0.0043666145198816,0.0016438961029053,0.0032789707183837,0.0148930549621582,0.0117709636688232,1,0.0148930549621582
HUAWEI-mate40,1.5111360549926758,0.4085111618041992,0.0043193101882934,0.0402195608782435,0.0171014785766601,0.0431931018829345,0.0038239310851979,0.0031095345815022,0.0069673970755745,0.0015621185302734,0.0033919811248779,0.0218088626861572,0.0,1,0.0218088626861572
HUAWEI-mate40,1.4310951232910156,0.4023900032043457,0.0036319169131192,0.0331347252489415,0.0119146108627319,0.0399510860443115,0.0078459673434272,0.0035765171051025,0.0048629062377593,0.0031571388244629,0.0010719299316406,0.0154531002044678,0.011164903640747,1,0.0154531002044678
HUAWEI-mate40,1.441533088684082,0.3754169940948486,0.0038591731678355,0.0533940720672318,0.0128949880599975,0.0424509048461914,0.0102075875151544,0.0052105188369751,0.0050238798015039,0.0038321018218993,0.0008659362792968,0.0145831108093261,0.0111989974975585,1,0.0145831108093261
HUAWEI-mate40,1.338798999786377,0.3801348209381103,0.0041579008102416,0.0329440335273245,0.0132201433181763,0.0415790081024169,0.0084734016097581,0.003138780593872,0.0055120272823293,0.0032210350036621,0.0010550022125244,0.0179328918457032,0.0111229419708251,1,0.0179328918457032
HUAWEI-mate40,0.0,0.4234402179718017,0.0040053327878316,0.0318580074626823,0.0139037013053894,0.0480639934539794,-0.0023997247805083,0.0034711360931396,0.0056805721016019,-0.0010161399841308,0.0010161399841308,0.0187139511108399,0.0224940776824951,0,0.0187139511108399
HUAWEI-mate40,1.6345808506011963,0.4133808612823486,0.0038388967514038,0.0210387895111731,0.0128486990928649,0.038388967514038,0.0076540867263222,0.0029083887736002,0.0055073379138686,0.0031640529632569,0.0022540092468261,0.0176870822906494,0.0120048522949218,1,0.0176870822906494
HUAWEI-mate40,2.2306129932403564,0.3590090274810791,0.0039277293465354,0.0361689820579588,0.0125925540924072,0.0432050228118896,0.0077235051564193,0.0032535195350647,0.0053117628658556,0.0027728080749511,0.0025601387023925,0.017874002456665,0.0123460292816162,1,0.017874002456665
HUAWEI-mate40,3.7641119956970215,0.3860740661621094,0.0062272889273507,0.0704552303694407,0.0171287775039672,0.043591022491455,0.0112702184631497,0.0090669790903727,0.0071210067982095,0.0043511390686035,0.0,0.0215489864349365,0.0111660957336425,1,0.0215489864349365
HUAWEI-mate40,1.1307330131530762,0.2618160247802734,0.0261816024780273,0.3805457611807646,0.1211703896522521,0.2618160247802734,0.0184904237726477,0.0203693866729736,0.0504378547971564,0.0048410892486573,0.0022258758544921,0.1459560394287109,0.0162270069122314,1,0.1459560394287109
HUAWEI-mate40,1.0416650772094729,0.6494710445404053,0.0649471044540405,0.2109839692608033,0.3227777838706966,0.6494710445404053,0.0056059313991995,0.0351402163505554,0.152250693477971,0.0036408901214599,0.0091180801391601,0.484572172164917,0.0278708934783935,2,0.484572172164917
HUAWEI-mate40,0.0,0.3835718631744385,0.0033577481905619,0.0391455336436648,0.0121153473854065,0.0402929782867431,0.0033478015212419,0.0031900405883789,0.0047650993666245,0.001284122467041,0.0018558502197265,0.0151078701019286,0.0101699829101562,0,0.0151078701019286
HUAWEI-mate40,1.8817880153656008,0.3753089904785156,0.0038965615359219,0.0499644254713625,0.0125030279159545,0.0428621768951416,0.0079693296742389,0.0046957731246948,0.0047019731610953,0.0029909610748291,0.0022101402282714,0.0126910209655761,0.0117950439453125,1,0.0126910209655761
HUAWEI-mate40pro,1.442011833190918,0.4109787940979004,0.003081738948822,0.064441311775933,0.0096114873886108,0.0493078231811523,0.0062073246430787,0.0027841091156005,0.0040976656394806,0.0025510787963866,0.0043578147888183,0.0145599842071533,0.0148618221282958,0,0.0145599842071533
HUAWEI-mate40pro,1.3472309112548828,0.3805239200592041,0.0027321974436442,0.0265502029093383,0.0102740287780761,0.040982961654663,0.0079785317722127,0.001568147114345,0.0049214287243729,0.0030360221862793,0.0023798942565917,0.0188770294189453,0.012002944946289,0,0.0188770294189453
HUAWEI-mate40pro,1.451243877410889,0.448469877243042,0.0036121715198863,0.0355498801447513,0.0118024349212646,0.03973388671875,0.0079892866579232,0.0043489933013915,0.0045159746348953,0.0035829544067383,0.0015158653259277,0.0120987892150878,0.0116920471191406,0,0.0120987892150878
HUAWEI-mate40pro,1.6687889099121094,0.3520069122314453,0.0036018978465687,0.0452945766256847,0.0120984315872192,0.0396208763122558,0.0090881752125403,0.0042322278022766,0.0046709084852078,0.0031991004943847,0.0010578632354736,0.0130088329315185,0.0106680393218994,0,0.0130088329315185
HUAWEI-mate40pro,1.503345966339111,0.3918459415435791,0.0040282011032104,0.0388799412967645,0.0121382117271423,0.0402820110321044,0.0104659447612778,0.0032616138458251,0.0047286874186541,0.004101037979126,0.0011119842529296,0.0132601261138916,0.011786937713623,0,0.0132601261138916
HUAWEI-mate40pro,1.314681053161621,0.4266500473022461,0.003954005241394,0.0463146130203967,0.0120301604270935,0.0395400524139404,-0.0047812238055321,0.0052157640457153,0.0050508346242452,-0.0020399093627929,0.0020399093627929,0.0144391059875488,0.0106940269470214,0,0.0144391059875488
HUAWEI-mate40pro,1.6733109951019287,0.0410659313201904,0.004106593132019,0.5042585184884147,0.0129978060722351,0.0410659313201904,0.0839859965281607,0.0055167078971862,0.0051751132667499,0.0034489631652832,0.0014040470123291,0.0160968303680419,0.0111479759216308,0,0.0160968303680419
HUAWEI-mate40pro,1.4041969776153564,0.3956668376922607,0.0026799951280866,0.0598735679073866,0.0111552476882934,0.0375199317932128,0.0073399548189959,0.0047433853149414,0.0051129009706724,0.0029041767120361,0.0021188259124755,0.0192029476165771,0.0118448734283447,0,0.0192029476165771
HUAWEI-mate40pro,1.6408860683441162,0.406059980392456,0.0056021863763982,0.0711398188873603,0.0218955278396606,0.0616240501403808,0.0034430542662696,0.0075795054435729,0.0083341492424712,0.0013980865478516,0.0023169517517089,0.0220310688018798,0.010977029800415,0,0.0220310688018798
HUAWEI-mate40pro,1.3594598770141602,0.4140439033508301,0.0033559004465738,0.0611766724671863,0.0144485712051391,0.0402708053588867,0.004792050792744,0.0044306516647338,0.0059438411660899,0.0019841194152832,0.0032188892364501,0.0202059745788574,0.0,0,0.0202059745788574
HUAWEI-mate40pro,1.3764958381652832,0.395594835281372,0.0041369915008544,0.0347730443665644,0.0127985358238219,0.0413699150085449,0.0074570060479316,0.0045853455861409,0.0052022979849264,0.0029499530792236,0.0012619495391845,0.0163679122924804,0.0112459659576416,0,0.0163679122924804
HUAWEI-mate40pro,1.2435190677642822,0.4373888969421386,0.0039490938186645,0.0383866927004125,0.0117351055145263,0.0394909381866455,0.0066621532785837,0.0038186550140381,0.0044878595012155,0.0029139518737792,0.0023500919342041,0.0124380588531493,0.0118250846862792,0,0.0124380588531493
HUAWEI-mate40pro,1.450732946395874,0.3836488723754883,0.002401852607727,0.05792037983022,0.0120514631271363,0.048037052154541,0.0093080776066718,0.0016755035945347,0.0046683385490819,0.0035710334777832,0.0036499500274658,0.0185949802398681,0.0,0,0.0185949802398681
HUAWEI-mate40pro,1.6899819374084473,0.4067649841308594,0.0035854469646107,0.0347770582663577,0.0121345520019531,0.0394399166107177,0.0078694282150592,0.0037335157394409,0.0048043630564046,0.0032010078430174,0.0008549690246582,0.0146629810333252,0.0106308460235595,0,0.0146629810333252
HUAWEI-mate40pro,1.483506202697754,0.3975000381469726,0.003633824261752,0.0416077867800359,0.0123054981231689,0.0399720668792724,0.0071999405003252,0.0043377876281738,0.0047341933399627,0.0028619766235352,0.000878095626831,0.0132408142089844,0.0101921558380126,0,0.0132408142089844
HUAWEI-mate40pro,11.322283029556274,0.3785748481750488,0.0037727139212868,0.0367425802559169,0.0122359991073608,0.0414998531341552,0.008598375925303,0.003715693950653,0.0048106469701972,0.0032551288604736,0.0023589134216308,0.0152339935302735,0.0123560428619384,0,0.0152339935302735
HUAWEI-mate40pro,1.3541231155395508,0.4367520809173584,0.0040550882166082,0.0174744837382107,0.0159474611282348,0.0446059703826904,0.0087784565616246,0.0022042393684387,0.0073242048190238,0.0038340091705322,0.0012450218200683,0.025217056274414,0.0117568969726562,0,0.025217056274414
HUAWEI-mate40pro,0.0,0.4157910346984863,0.0039338827133178,0.0249593739284407,0.0135058641433716,0.0393388271331787,0.0042569930170176,0.0028819441795349,0.0055791523160923,0.0017700195312499,0.0012018680572509,0.0181078910827637,0.0108530521392822,0,0.0181078910827637
HUAWEI-mate40pro,1.528770923614502,0.3934218883514404,0.002980215208871,0.0417875914094094,0.0119034051895141,0.0417230129241943,0.0092544167705471,0.0024798938206263,0.0044618282892032,0.0036408901214599,0.000978946685791,0.0140900611877441,0.0111927986145019,0,0.0140900611877441
HUAWEI-mate40pro,1.700059175491333,0.3865790367126465,0.0034681883725252,0.038538203931098,0.0120364427566528,0.0381500720977783,0.0065473070067779,0.003941535949707,0.0046179738928041,0.0025310516357421,0.0019600391387939,0.0122108459472656,0.0110411643981933,0,0.0122108459472656
HUAWEI-mate50pro,1.7533929347991943,0.1610529422760009,0.0201316177845001,0.0426377302906714,0.0694459915161132,0.1610529422760009,0.0851466680483492,0.002619981765747,0.0303172860182348,0.0137131214141845,0.0319139957427978,0.0910689830780028,0.0631170272827148,2,0.0910689830780028
HUAWEI-mate50pro,1.546670913696289,0.0708351135253906,0.0050596509660993,0.5688715062738978,0.0150613546371459,0.0708351135253906,0.028925898002046,0.0062624386378696,0.005671642836737,0.0020489692687988,0.0082480907440185,0.0202488899230957,0.0182709693908691,1,0.0202488899230957
HUAWEI-mate50pro,1.7652111053466797,0.2010631561279297,0.0167552630106608,0.128502822179007,0.0618098378181457,0.2010631561279297,0.0662773324479437,0.0044658581415812,0.0289362844725754,0.0133259296417236,0.0314860343933105,0.1027100086212158,0.0725159645080566,2,0.1027100086212158
HUAWEI-mate50pro,2.0037310123443604,0.0621359348297119,0.0056487213481556,0.6662497074250721,0.0201081037521362,0.0621359348297119,0.0628124796156816,0.0070875088373819,0.0085515256115939,0.0039029121398926,0.0058889389038085,0.0293440818786621,0.0164690017700195,2,0.0293440818786621
HUAWEI-mate50pro,1.4893670082092283,0.0760998725891113,0.0084555413987901,0.4879098707336798,0.0212168216705322,0.0760998725891113,-0.1504608598121466,0.0074277877807617,0.0080386197970363,-0.0114500522613525,0.0114500522613525,0.0242240428924561,0.0222640037536621,1,0.0242240428924561
HUAWEI-mate50pro,1.532784938812256,0.0657949447631836,0.0073105494181315,0.1614848313548153,0.0255781650543212,0.0657949447631836,0.0486186604049809,0.0039957165718078,0.011115973758301,0.0031988620758057,0.008599042892456,0.0355470180511474,0.0196230411529541,2,0.0355470180511474
HUAWEI-mate50pro,1.654695987701416,0.0634770393371582,0.0057706399397416,0.5367597899655203,0.0163439512252808,0.0634770393371582,0.0676302010952452,0.0058474938074747,0.0067511560797795,0.0042929649353028,0.0078530311584472,0.0219259262084961,0.0186750888824462,2,0.0219259262084961
HUAWEI-mate50pro,1.8598721027374268,0.0654621124267578,0.0059511011297052,0.6316941522682906,0.0206215381622314,0.0654621124267578,0.0346762914833487,0.0060795715876988,0.0081597038652801,0.002269983291626,0.0061750411987304,0.0256040096282959,0.0,2,0.0256040096282959
HUAWEI-mate50pro,1.8249199390411377,0.1552200317382812,0.0141109119762073,0.1778892233964116,0.0416020154953003,0.1552200317382812,0.0829595723765047,0.005721378326416,0.0162852778121446,0.0128769874572753,0.0440828800201416,0.0554170608520507,0.0721909999847412,2,0.0554170608520507
HUAWEI-mate50pro,1.8159558773040767,0.1205759048461914,0.0120575904846191,0.2400896126802345,0.0260897159576415,0.1205759048461914,0.1171470264883379,0.0075737833976745,0.0096746467050476,0.0141251087188721,0.0432219505310058,0.0285899639129639,0.0685930252075195,2,0.0285899639129639
HUAWEI-MateBook,0.0,0.0342271327972412,0.003803014755249,0.3013743478291156,0.0114065647125244,0.0342271327972412,-0.0828579190437356,0.0026204109191894,0.0046322698976252,-0.002835988998413,0.002835988998413,0.0148808956146241,0.009031057357788,0,0.0148808956146241
HUAWEI-MateBook,0.0,0.0324828624725341,0.0040603578090667,0.0733322078932495,0.0149491310119628,0.0324828624725341,0.0003009328919631,0.0012143452962239,0.0064105581775598,9.775161743099878e-06,0.0027940273284912,0.0179839134216307,0.0121169090270996,0,0.0179839134216307
HUAWEI-MateBook,0.0,0.0222868919372558,0.002026081085205,0.1426859795887787,0.008481502532959,0.0222868919372558,0.0433364000085569,0.0010715126991271,0.0033272253202255,0.0009658336639404,0.0011780261993408,0.0100359916687012,0.009070873260498,0,0.0100359916687012
HUAWEI-MateBook,0.0,0.0233869552612304,0.004677391052246,0.288321167883213,0.0087959289550781,0.0233869552612304,0.0,0.0022476514180501,0.0036019613149939,0.0,0.0,0.0091118812561035,0.0091118812561035,0,0.0091118812561035
HUAWEI-MateBook,0.0,0.0306618213653564,0.0038327276706695,0.2040278371758489,0.0119760394096374,0.0306618213653564,0.032774775475293,0.0025520324707031,0.0051523987692107,0.0010049343109131,0.0025739669799804,0.0150561332702636,0.0093498229980468,0,0.0150561332702636
HUAWEI-MateBook,0.0,0.0282409191131591,0.0023534099260965,0.0926290195945989,0.0111289978027343,0.0282409191131591,0.033456872462031,0.0008163928985595,0.0047304174940459,0.0009448528289795,0.0015430450439453,0.0159640312194824,0.0096609592437744,0,0.0159640312194824
HUAWEI-MateBook,0.0,0.0255517959594726,0.0025551795959472,0.0689919008696282,0.0103104472160339,0.0255517959594726,0.0327604224984143,0.0006455898284911,0.0042703313468809,0.0008370876312255,0.0029988288879394,0.0133159160614014,0.0104730129241943,0,0.0133159160614014
HUAWEI-MateBook,0.0,0.0197739601135253,0.0032956600189208,0.2254455135161207,0.0102850794792175,0.0197739601135253,-0.1294581494610399,0.0015252232551574,0.0047290421024953,-0.0025599002838134,0.0025599002838134,0.0127561092376709,0.0,0,0.0127561092376709
HUAWEI-MateBook,0.0,0.0306000709533691,0.0038250088691711,0.1109500880432598,0.0162670373916625,0.0306000709533691,0.1063063905380765,0.0008537769317626,0.0081566497321508,0.0032529830932617,1.4066696166992188e-05,0.0239379405975341,0.0,0,0.0239379405975341
HUAWEI-MateBook,16.577518939971924,0.0246069431304931,0.7913891928536552,674.5337228342506,0.0257678031921386,16.619173049926758,-673.6576364464356,0.0014498783991886,3.6114245329299743,-16.57665514945984,16.58036708831787,16.55291199684143,0.0,1,16.55291199684143
HUAWEI-MateBook,0.0,0.8131811618804932,0.0406590580940246,0.008046373663812,0.0816277384758,0.8131811618804932,0.0010085820362743,0.0009176297621293,0.1650522331633831,0.0008201599121093,0.7962250709533691,0.7405209541320802,0.8044462203979492,0,0.7405209541320802
HUAWEI-MateBook,0.0,0.0299339294433593,0.0037417411804199,0.1115792659615145,0.0134225606918334,0.0299339294433593,0.0010354275519305,0.0011227130889892,0.0057772400133263,3.099441528320009e-05,0.0023829936981201,0.0165319442749023,0.0100619792938232,0,0.0165319442749023
HUAWEI-PadSE,2.8405749797821045,0.0323750972747802,0.0029431906613436,0.4412663578587684,0.0093669891357422,0.0323750972747802,0.0459897931379855,0.0026885271072387,0.0037239819407672,0.0014889240264893,0.0018751621246337,0.0106849670410156,0.0100400447845458,1,0.0106849670410156
HUAWEI-PadSE,2.010936975479126,0.0386409759521484,0.0032200813293457,0.4371760698948617,0.0111317753791809,0.0386409759521484,0.0718137617848861,0.0027057102748325,0.0041878198079919,0.0027749538421631,0.0020809173583984,0.0120089054107666,0.01133394241333,2,0.0120089054107666
HUAWEI-PadSE,2.5561230182647705,0.0404098033905029,0.0036736184900457,0.6454325008407523,0.0132604837417602,0.0404098033905029,0.0324914007233421,0.0047152837117512,0.0056836603522744,0.0013129711151123,0.0022399425506591,0.0193419456481932,0.0107319355010986,1,0.0193419456481932
HUAWEI-PadSE,2.2031800746917725,0.0352430343627929,0.0032039122147993,0.1798674063049645,0.0122895240783691,0.0352430343627929,0.0604654309295099,0.0014166434605916,0.0052734318269254,0.0021309852600098,0.0021939277648925,0.0180840492248535,0.0108199119567871,1,0.0180840492248535
HUAWEI-PadSE,1.981845140457153,0.039355993270874,0.0039355993270874,0.5292934555433721,0.0110069036483764,0.039355993270874,0.0316045822706605,0.004393196105957,0.0046703454897722,0.0012438297271729,0.0024521350860595,0.0136168003082274,0.0107080936431884,1,0.0136168003082274
HUAWEI-PadSE,1.9574449062347408,0.0467429161071777,0.0038952430089314,0.4955828496230631,0.0157550811767577,0.0467429161071777,0.0426566150142293,0.0034399713788713,0.0059587595762693,0.0019938945770263,0.0021669864654541,0.018244981765747,0.0098600387573242,2,0.018244981765747
HUAWEI-PadSE,12.710445165634155,0.0378730297088623,0.0034430027008056,0.1970777646977378,0.0124374628067016,0.0378730297088623,0.0454702834731922,0.0014271736145019,0.0052653876773147,0.0017220973968506,0.0038120746612548,0.018177032470703,0.0122320652008056,2,0.018177032470703
HUAWEI-PadSE,2.135658025741577,0.0399360656738281,0.0036305514248934,0.3294249689559649,0.0120425224304199,0.0399360656738281,0.0549360015283222,0.0025358200073242,0.0049049218834672,0.0021939277648926,0.002087116241455,0.0160901546478271,0.0106899738311767,2,0.0160901546478271
HUAWEI-PadSE,2.802182912826538,0.043997049331665,0.003999731757424,0.5912906354823159,0.0134309530258178,0.043997049331665,0.0553655906403579,0.0044492085774739,0.005892017914272,0.0024359226226806,0.0022890567779541,0.020176887512207,0.0112969875335693,2,0.020176887512207
HUAWEI-PadSE,2.705784797668457,0.0358469486236572,0.0035846948623657,0.1811071278923615,0.0131252050399779,0.0358469486236572,0.0614287709590089,0.0014863967895507,0.005552469914554,0.0022020339965819,0.0020029544830322,0.0180778503417968,0.0112769603729248,2,0.0180778503417968
HUAWEI-PadSE,1.9426298141479488,0.0355370044708251,0.003230636770075,0.3335122406123983,0.0096980333328247,0.0355370044708251,0.049049666897012,0.0021741787592569,0.0038453633973135,0.0017430782318116,0.0025458335876464,0.012411117553711,0.0112738609313964,2,0.012411117553711
HUAWEI-PadSE,2.076389074325561,0.0390200614929199,0.0035472783175381,0.2660910901736521,0.011828064918518,0.0390200614929199,0.0518446554484253,0.0019117991129557,0.0050757360602961,0.0020229816436768,0.002958059310913,0.0175061225891113,0.0111310482025146,2,0.0175061225891113
HUAWEI-PadSE,2.1296639442443848,0.0377471446990966,0.0034315586090087,0.3928551126494584,0.0115154981613159,0.0377471446990966,0.0562205112333646,0.0026034911473592,0.0044106063911609,0.002122163772583,0.0020489692687988,0.0121500492095947,0.0107679367065429,2,0.0121500492095947
HUAWEI-PadSE,1.9020259380340576,0.0352349281311035,0.0032031752846457,0.2696195850757188,0.010187029838562,0.0352349281311035,0.0434750246978756,0.0017261505126953,0.003994815743517,0.0015318393707275,0.003829002380371,0.0134310722351074,0.0123038291931152,2,0.0134310722351074
HUAWEI-PadSE,2.0787792205810547,0.0429780483245849,0.0039070953022349,0.4308205233464434,0.0122240781784057,0.0429780483245849,0.0321141887131593,0.0034457445144653,0.0047788965695615,0.001380205154419,0.0021920204162597,0.0135881900787353,0.0108740329742431,2,0.0135881900787353
HUAWEI-seHUODONGBAN,0.0,0.033139944076538,0.0033139944076538,0.4353052899661148,0.0074317693710326,0.033139944076538,0.1007273433621834,0.0030580043792724,0.0029885492418439,0.003338098526001,0.0021398067474365,0.0080950260162353,0.0120928287506103,0,0.0080950260162353
HUAWEI-seHUODONGBAN,0.0,0.0327908992767334,0.0029809908433394,0.3529646998945738,0.0074304342269897,0.0327908992767334,0.112109644817683,0.0021423498789469,0.002928199106744,0.003676176071167,0.0026798248291015,0.0083060264587401,0.0129108428955078,0,0.0083060264587401
HUAWEI-seHUODONGBAN,0.0,0.0400459766387939,0.0040045976638793,0.4806001250260468,0.0100687265396118,0.0400459766387939,0.0873753460542368,0.0034121672312418,0.0038678458019056,0.0034990310668945,0.004673957824707,0.0125370025634765,0.0137479305267333,0,0.0125370025634765
HUAWEI-seHUODONGBAN,0.0,0.0349090099334716,0.0031735463575883,0.5186075577623122,0.0087349414825439,0.0349090099334716,0.1015783470724447,0.0031600395838419,0.0034780772472918,0.0035459995269776,0.0038590431213378,0.0105619430541991,0.0143129825592041,0,0.0105619430541991
HUAWEI-seHUODONGBAN,0.0,0.0362648963928222,0.0032968087629838,0.3306509933861922,0.0082579851150512,0.0362648963928222,0.156101665943487,0.0023431777954101,0.0034301666960672,0.0056610107421875,0.0020968914031982,0.0100009441375732,0.014272928237915,0,0.0100009441375732
HUAWEI-seHUODONGBAN,0.0,0.0433359146118164,0.0043335914611816,0.4202482339737253,0.009760308265686,0.0433359146118164,0.0690675821394772,0.0038603782653808,0.0037237613756712,0.0029931068420409,0.0060529708862304,0.0099248886108399,0.0155649185180664,0,0.0099248886108399
HUAWEI-seHUODONGBAN,0.0,0.03379487991333,0.003379487991333,0.5516487237735094,0.0108682513236999,0.03379487991333,-0.0301172519859446,0.0048989653587341,0.0043633458678484,-0.0010178089141845,0.0010178089141845,0.0110769271850585,0.0116310119628906,0,0.0110769271850585
HUAWEI-seHUODONGBAN,0.0,0.0452120304107666,0.0050235589345296,0.2813434370600063,0.0158447742462158,0.0452120304107666,0.0878275405651964,0.003966212272644,0.0063273143177966,0.0039708614349365,0.0040640830993652,0.017927885055542,0.014564037322998,0,0.017927885055542
HUAWEI-seHUODONGBAN,0.0,0.0362818241119384,0.0036281824111938,0.4090762730241747,0.0104623198509216,0.0362818241119384,0.1129737082476312,0.0030838012695312,0.0041452552976348,0.004098892211914,0.0028688907623291,0.0122790336608886,0.013197898864746,0,0.0122790336608886
HUAWEI-seHUODONGBAN,0.0,0.0453109741210937,0.0041191794655539,0.2847859488129325,0.012294054031372,0.0453109741210937,0.079979794578213,0.0022921562194824,0.0050816101600236,0.0036239624023438,0.0041949748992919,0.0175631046295166,0.0148439407348632,0,0.0175631046295166
OPPO-A36,11.566805124282835,0.2029480934143066,0.0202948093414306,0.1385483996024559,0.0821828365325927,0.2029480934143066,0.0236012527812825,0.0082526683807372,0.0369305965038269,0.0047898292541503,0.0142631530761718,0.1208319664001465,0.0539979934692382,10,0.1208319664001465
OPPO-A36,11.47411608695984,0.198958158493042,0.0198958158493042,0.1446594391071927,0.0812309741973875,0.198958158493042,0.0126052887328925,0.0084766387939453,0.0365487565567611,0.0025079250335694,0.0136210918426513,0.1190938949584961,0.0510830879211425,8,0.1190938949584961
OPPO-A36,11.344034194946287,0.2091600894927978,0.0209160089492797,0.132224452598426,0.0863070487976073,0.2091600894927978,0.0080270745633383,0.0081862449645995,0.0391656094839118,0.0016789436340331,0.0164291858673095,0.1277890205383301,0.0537149906158447,6,0.1277890205383301
OPPO-A36,11.4584698677063,0.2072620391845703,0.020726203918457,0.129575990429301,0.0868416786193847,0.2072620391845703,0.0085262043896379,0.0079972267150878,0.0396007367691274,0.0017671585083008,0.0142958164215087,0.1288738250732422,0.0515320301055908,7,0.1288738250732422
OPPO-A36,11.331866979599,0.1995999813079834,0.0199599981307983,0.1445084288620292,0.080818724632263,0.1995999813079834,0.0102713504693715,0.0083295345306396,0.0362537978816053,0.0020501613616943,0.01544189453125,0.1184990406036377,0.0522570610046386,6,0.1184990406036377
OPPO-A36,11.555366039276125,0.2064769268035888,0.0206476926803588,0.1717960294540468,0.0807502150535583,0.2064769268035888,0.0092791564235292,0.0097618103027343,0.0358065051989862,0.0019159317016601,0.0158281326293945,0.1178278923034668,0.0531771183013916,6,0.1178278923034668
OPPO-A36,11.380383968353271,0.1996359825134277,0.0199635982513427,0.1313143858961896,0.0821341514587401,0.1996359825134277,0.0127034134526961,0.0076935768127441,0.0370260320674181,0.0025360584259032,0.0151598453521728,0.1205790042877197,0.0528419017791748,5,0.1205790042877197
OPPO-A36,11.314232110977173,0.1993861198425293,0.0199386119842529,0.1333550962230627,0.0818620204925536,0.1993861198425293,0.0081945650172309,0.0081017971038818,0.0368323214643594,0.001633882522583,0.0158901214599609,0.119891881942749,0.0529050827026367,8,0.119891881942749
OPPO-A36,11.250411033630373,0.1961290836334228,0.0245161354541778,0.1102592311198904,0.1092522144317626,0.1961290836334228,0.0112274730284149,0.0086387395858764,0.0541644727205622,0.002202033996582,0.0148110389709472,0.1574909687042237,0.0,6,0.1574909687042237
OPPO-A36,11.557728052139282,0.2061119079589843,0.0229013231065538,0.16302331069201,0.0870593070983886,0.2061119079589843,0.0689048879347043,0.0087737441062927,0.0387417669892532,0.0142021179199219,0.0015149116516113,0.121708869934082,0.0508019924163818,7,0.121708869934082
OPPO-A36,11.170711040496826,0.2001729011535644,0.0200172901153564,0.133150147810945,0.0806542158126829,0.2001729011535644,0.0170607894843412,0.0079030036926269,0.0361311837035477,0.0034151077270508,0.0171248912811279,0.1181328296661377,0.0553870201110839,4,0.1181328296661377
OPPO-A36,11.170842170715332,0.2006731033325195,0.0182430093938654,0.1289462553642461,0.0774379968643188,0.2006731033325195,0.0230121993527263,0.0065600077311197,0.0354559088231363,0.0046179294586181,0.0153031349182128,0.1204209327697753,0.0543761253356933,7,0.1204209327697753
OPPO-A36,11.260958909988403,0.198758840560913,0.0220843156178792,0.1364461317931277,0.0860407829284667,0.198758840560913,0.0088201954045738,0.0080761432647705,0.038359757454564,0.0017530918121337,0.0147109031677246,0.1198539733886719,0.0517849922180175,5,0.1198539733886719
OPPO-A36,11.146858930587769,0.2067430019378662,0.0206743001937866,0.1644515379816247,0.0804153442382812,0.2067430019378662,0.020702467759066,0.0092662334442138,0.0356227084200338,0.0042800903320312,0.0159049034118652,0.1176388263702392,0.0551049709320068,3,0.1176388263702392
OPPO-A36,11.241205215454102,0.1956310272216797,0.0195631027221679,0.1352957091462167,0.0801682949066161,0.1956310272216797,0.0100702467655288,0.0076839923858642,0.0360137775834664,0.0019700527191161,0.0150680541992187,0.1171209812164306,0.052042007446289,6,0.1171209812164306
OPPO-FINDX3Pro_1,10.93381404876709,0.211695909500122,0.0235217677222357,0.1141255320035541,0.092748212814331,0.211695909500122,0.019764234720137,0.0093712210655212,0.0419027213437836,0.0041840076446533,0.0170860290527343,0.131209135055542,0.0563268661499023,4,0.131209135055542
OPPO-FINDX3Pro_1,10.297277212142944,0.2049469947814941,0.0227718883090549,0.1701806633240657,0.0998133182525634,0.2049469947814941,0.0177219902048603,0.0116260051727295,0.0494496482274002,0.0036320686340331,0.0129480361938476,0.1534888744354248,0.0,7,0.1534888744354248
OPPO-FINDX3Pro_1,10.390893936157228,0.2125499248504638,0.0212549924850463,0.1795100162759576,0.0816792011260985,0.2125499248504638,0.0157195913848473,0.0103033542633056,0.0362391989830899,0.0033411979675292,0.0161619186401367,0.1197781562805175,0.0546169281005859,6,0.1197781562805175
OPPO-FINDX3Pro_1,10.468618154525757,0.2154309749603271,0.0215430974960327,0.1463529083659165,0.0856761932373046,0.2154309749603271,0.0205957836745486,0.0086813449859619,0.0384658856443525,0.00443696975708,0.0172450542449951,0.1267719268798827,0.0571300983428955,3,0.1267719268798827
OPPO-FINDX3Pro_1,10.390756130218506,0.212170124053955,0.0212170124053955,0.1710708771488221,0.0823566317558287,0.212170124053955,0.0139891179517839,0.0098942279815673,0.0367782422853848,0.0029680728912354,0.0168869495391845,0.121480941772461,0.0543930530548095,6,0.121480941772461
OPPO-FINDX3Pro_1,10.282089948654177,0.2119948863983154,0.0264993607997894,0.1814285441158113,0.089747929573059,0.2119948863983154,-0.085322170876018,0.0104789733886718,0.0386838777899651,-0.0180878639221191,0.0180878639221191,0.1178071498870849,0.0557258129119873,6,0.1178071498870849
OPPO-FINDX3Pro_1,10.406798124313354,0.2070209980010986,0.0207020998001098,0.1642191892517525,0.0816580533981322,0.2070209980010986,0.011834496705666,0.0093554019927978,0.0364465891393901,0.0024499893188477,0.0157160758972167,0.1197190284729004,0.0533051490783691,4,0.1197190284729004
OPPO-FINDX3Pro_1,10.343832015991213,0.2075221538543701,0.020752215385437,0.1652357334638463,0.0807228565216063,0.2075221538543701,0.0137716549997643,0.0094834327697753,0.0357873961215545,0.0028579235076903,0.0172431468963623,0.1181390285491943,0.0550930500030517,4,0.1181390285491943
OPPO-FINDX3Pro_1,10.22464084625244,0.2079348564147949,0.0231038729349772,0.1170176416225799,0.0911755084991454,0.2079348564147949,0.0216123062528805,0.0092449784278869,0.0412285306925233,0.0044939517974852,0.0156459808349609,0.1289517879486084,0.0546510219573974,5,0.1289517879486084
OPPO-FINDX3Pro_1,10.578075170516968,0.2106292247772216,0.0210629224777221,0.1616018237735764,0.0820466995239257,0.2106292247772216,0.0197839588971783,0.0093312263488769,0.0364900537567566,0.004167079925537,0.0168941020965576,0.1205821037292481,0.0560090541839599,6,0.1205821037292481
OPPO-FINDX3Pro_1,10.372446060180664,0.2117910385131836,0.0235323376125759,0.164350298767556,0.0853900909423827,0.2117910385131836,0.0179418134987999,0.0120089650154114,0.0375445489113078,0.0037999153137206,0.0191960334777832,0.1189761161804199,0.058007001876831,5,0.1189761161804199
OPPO-FINDX3Pro_1,10.377248048782349,0.2111029624938964,0.0211102962493896,0.1789650226443645,0.0798972368240356,0.2111029624938964,0.0192652157708681,0.010238218307495,0.0352256888586474,0.0040669441223144,0.0176270008087158,0.1166419982910156,0.0566809177398681,6,0.1166419982910156
OPPO-FINDX3PRO_2,10.726315021514893,0.0747480392456054,0.006795276295055,0.6564991898340122,0.0296036005020141,0.0747480392456054,0.0395992549024611,0.0071721076965332,0.0126880456923862,0.0029599666595459,0.0055899620056152,0.0420811176300049,0.0,2,0.0420811176300049
OPPO-FINDX3PRO_2,10.744894981384276,0.0529251098632812,0.0058805677625868,0.4803589447888138,0.0155177593231201,0.0529251098632812,-0.0718745495170818,0.0047109921773274,0.006217395734011,-0.0038039684295654,0.0038039684295654,0.0164949893951415,0.0134501457214355,0,0.0164949893951415
OPPO-FINDX3PRO_2,10.71226406097412,0.0590541362762451,0.005368557843295,0.6001792556047663,0.0192935466766357,0.0590541362762451,0.034240242883269,0.0063650210698445,0.0084740969306202,0.0020220279693603,0.0053160190582275,0.029400110244751,0.0144240856170654,2,0.029400110244751
OPPO-FINDX3PRO_2,10.72765612602234,0.0625419616699218,0.0056856328790838,0.6183211344922235,0.0206129550933838,0.0625419616699218,0.0537092101250379,0.0065668821334838,0.0092993183180179,0.0033590793609618,0.0051989555358886,0.0323050022125244,0.0149500370025634,2,0.0323050022125244
OPPO-FINDX3PRO_2,10.619334936141968,0.055272102355957,0.0050247365778142,0.6465137947098718,0.01717209815979,0.055272102355957,0.0646082440429973,0.0061278740564982,0.0080432890235027,0.0035710334777831,0.0070869922637939,0.0281171798706055,0.0168850421905517,2,0.0281171798706055
OPPO-FINDX3PRO_2,10.696164846420288,0.0739998817443847,0.0067272619767622,0.7127309280941303,0.0266569852828979,0.0739998817443847,0.0429186346970466,0.0078554494040352,0.0122130084499926,0.0031759738922119,0.0056219100952148,0.0408539772033691,0.0,2,0.0408539772033691
OPPO-FINDX3PRO_2,10.709430932998655,0.078042984008789,0.0086714426676432,0.6791889679106492,0.0353524684906005,0.078042984008789,0.0273847056235793,0.0108011722564697,0.0154203300481369,0.0021371841430664,0.0051698684692382,0.0471007823944091,0.0,1,0.0471007823944091
OPPO-FINDX3PRO_2,10.7396399974823,0.084501028060913,0.0105626285076141,0.6622538605000241,0.0341843247413634,0.084501028060913,0.105015758006675,0.0139952301979064,0.0148693550123489,0.0088739395141601,0.0,0.0460731983184814,0.016434907913208,1,0.0460731983184814
OPPO-FINDX3PRO_2,10.746639013290403,0.0677790641784668,0.0067779064178466,0.7582751173114409,0.0310036301612853,0.0677790641784668,0.0309406724214341,0.0107104778289795,0.0153864858154178,0.0020971298217773,0.0021979808807373,0.0500261783599853,0.0120489597320556,0,0.0500261783599853
OPPO-FINDX3PRO_2,10.719262838363647,0.051865816116333,0.0057628684573703,0.3570729195875726,0.0175723552703857,0.051865816116333,0.053424411949932,0.0046377182006836,0.0071034043105787,0.0027709007263184,0.0045249462127685,0.0178439617156983,0.0155019760131835,1,0.0178439617156983
OPPO-FINDX3PRO_2,1.90866494178772,0.0688438415527343,0.0062585310502485,0.3053866293566804,0.0187809467315673,0.0688438415527343,0.0890279547847293,0.0037240187327067,0.0073766748990074,0.0061290264129639,0.0081479549407958,0.0242729187011718,0.0235469341278076,2,0.0242729187011718
OPPO-FINDX3PRO_2,10.61944580078125,0.0635550022125244,0.0063555002212524,0.131995843477674,0.0237375974655151,0.0635550022125244,0.0860340099561459,0.0021000385284423,0.0114146920673219,0.0054678916931152,0.0054190158843994,0.0381200313568115,0.0170459747314453,2,0.0381200313568115
OPPO-FINDX3_2,6.560403823852539,0.0589258670806884,0.0058925867080688,0.4804513803190736,0.0232324361801147,0.0589258670806884,0.0456356993441323,0.0050726334253946,0.0091670316292935,0.0026891231536865,0.0021507740020751,0.0257749557495116,0.0,4,0.0257749557495116
OPPO-FINDX3_2,9.45176911354065,0.0545811653137207,0.006822645664215,0.4329183593238117,0.0200458288192749,0.0545811653137207,-0.1085178875638838,0.0068355202674865,0.0085375256841184,-0.0059230327606201,0.0059230327606201,0.0236291885375977,0.0175609588623046,4,0.0236291885375977
OPPO-FINDX3_2,9.351985216140749,0.0631911754608154,0.0063191175460815,0.570541383850923,0.0239052772521972,0.0631911754608154,0.0676531732586785,0.0074238300323486,0.0097351076016192,0.00427508354187,0.0058801174163818,0.0302309989929198,0.0263290405273437,4,0.0302309989929198
OPPO-FINDX3_2,9.344453811645508,0.0483438968658447,0.0048343896865844,0.6104779330173744,0.0173381090164184,0.0483438968658447,-0.1332748102520597,0.0052347977956135,0.007198324782203,-0.0064430236816406,0.0064430236816406,0.0238468647003172,0.0158259868621826,3,0.0238468647003172
OPPO-FINDX3_2,9.494329929351808,0.0584738254547119,0.0064970917171902,0.416167530386493,0.0161715984344482,0.0584738254547119,0.0982479603028668,0.0060919523239135,0.0059659342223144,0.0057449340820312,0.0085690021514892,0.0187480449676514,0.02183198928833,2,0.0187480449676514
OPPO-FINDX3_2,9.315356969833374,0.0528459548950195,0.0052845954895019,0.1141428906574263,0.021776270866394,0.0528459548950195,0.0365031671268467,0.0016881942749023,0.0098071463019038,0.0019290447235107,0.0036389827728271,0.032155990600586,0.014657974243164,3,0.032155990600586
OPPO-FINDX3_2,9.36604619026184,0.0634729862213134,0.0070525540245903,0.5322415250258246,0.0192994594573974,0.0634729862213134,0.1037919053432252,0.0112609863281249,0.0073400746359326,0.0065879821777343,0.0024151802062988,0.022935152053833,0.0158441066741943,2,0.022935152053833
OPPO-FINDX3_2,9.354969024658203,0.0613529682159423,0.0061352968215942,0.5309929157939332,0.01962012052536,0.0613529682159423,0.0658018987071218,0.0065234184265136,0.0082853103507353,0.0040371417999267,0.0080130100250244,0.0279011726379394,0.0192761421203613,4,0.0279011726379394
OPPO-FINDX3_2,9.341399908065796,0.0551080703735351,0.0050098245794122,0.4989659946352864,0.0192229747772217,0.0551080703735351,0.0494159383923155,0.0050794680913289,0.0074493056198918,0.002723217010498,0.0030138492584228,0.0229618549346924,0.0121269226074218,2,0.0229618549346924
OPPO-FINDX3_2,9.457815885543823,0.0631208419799804,0.006312084197998,0.103260459002523,0.024854815006256,0.0631208419799804,0.0779458201761669,0.0017854213714599,0.0118969393137865,0.0049200057983398,0.0052540302276611,0.0396180152893066,0.0169849395751953,4,0.0396180152893066
OPPO-FINDX3_2,9.353617906570436,0.0656299591064453,0.0072922176784939,0.4141866953413359,0.0188876152038573,0.0656299591064453,0.0387943561277574,0.0088440179824829,0.0069031028422935,0.0025460720062256,0.0129129886627197,0.0211820602416991,0.023000955581665,1,0.0211820602416991
OPPO-FINDX3_2,9.347832202911375,0.0629851818084716,0.0089978831154959,0.5253142755480186,0.029573106765747,0.0629851818084716,0.0508367432687688,0.0113650957743326,0.0130029750823549,0.003201961517334,0.0053222179412841,0.0330870151519775,0.0,3,0.0330870151519775
OPPO-FINDX5_1,1.9702889919281008,0.0491349697113037,0.0049134969711303,0.6353142119590276,0.0170155763626098,0.0491349697113037,0.0549476677325597,0.0064598083496093,0.007721145966527,0.0026998519897461,0.0029249191284179,0.0256919860839844,0.012035846710205,1,0.0256919860839844
OPPO-FINDX5_1,1.9283130168914795,0.0680429935455322,0.0085053741931915,0.5593970419737003,0.0232960820198058,0.0680429935455322,0.0537889857144361,0.0129419962565104,0.0093888799219614,0.0036599636077881,0.0064818859100341,0.0299558639526366,0.0190520286560058,1,0.0299558639526366
OPPO-FINDX5_1,1.9330191612243648,0.0684912204742431,0.009784460067749,0.6324785134697664,0.0316749095916748,0.0684912204742431,-0.0501543827648263,0.0148377418518066,0.013625622128008,-0.0034351348876953,0.0034351348876953,0.037649154663086,0.0211701393127441,1,0.037649154663086
OPPO-FINDX5_1,1.9053559303283687,0.0647029876708984,0.007189220852322,0.6058279043716657,0.0231475830078124,0.0647029876708984,-0.11840418005483,0.0085397720336914,0.0096732992397776,-0.0076611042022705,0.0076611042022705,0.0309319496154785,0.0191321372985839,2,0.0309319496154785
OPPO-FINDX5_1,1.9291460514068604,0.0442240238189697,0.0073706706364949,0.0,0.0287650227546692,0.0442240238189697,0.0782418364431319,0.0004919370015461,0.0146721849009355,0.003460168838501,0.0035638809204101,0.0371999740600586,0.0,2,0.0371999740600586
OPPO-FINDX5_1,1.915535926818848,0.0674719810485839,0.0074968867831759,0.5821525240461068,0.0270339012145996,0.0674719810485839,0.0527212206446687,0.0078659534454345,0.0109836913280015,0.0035572052001953,0.0055818557739257,0.0323538780212403,0.0,1,0.0323538780212403
OPPO-FINDX5_1,1.9711859226226809,0.0637068748474121,0.0106178124745686,0.7148043082864916,0.0313234329223633,0.0637068748474121,0.0495385582659074,0.0156902472178141,0.0139232487807221,0.0031559467315673,0.0026688575744628,0.0376498699188233,0.0,2,0.0376498699188233
OPPO-FINDX5_1,1.9616320133209229,0.0633840560913086,0.0079230070114135,0.6225719573296433,0.0234741330146789,0.0633840560913086,0.0239795073950926,0.0134476820627848,0.0099867535632502,0.0015199184417725,0.0046160221099853,0.0307941436767577,0.0140430927276611,1,0.0307941436767577
OPPO-FINDX5_1,1.960982084274292,0.0519001483917236,0.0057666831546359,0.4478811126168561,0.0198018550872802,0.0519001483917236,0.085435376805936,0.0064347386360168,0.0080150267007927,0.0044341087341308,0.0037040710449218,0.023245096206665,0.0140180587768554,0,0.023245096206665
OPPO-FINDX5_1,1.9942848682403564,0.0699789524078369,0.0116631587346394,0.1229076735953779,0.0420213341712952,0.0699789524078369,0.1138348216262992,0.00287659962972,0.0207309332244834,0.0079660415649414,0.0,0.0533831119537354,0.0,0,0.0533831119537354
OPPO-FINDX5_2,0.0,0.0586590766906738,0.0065176751878526,0.5050887275742385,0.0158520221710205,0.0586590766906738,0.0613004706666547,0.0074107646942138,0.0061799146300155,0.0035958290100096,0.0101041793823242,0.0200040340423584,0.0198431015014648,0,0.0200040340423584
OPPO-FINDX5_2,0.0,0.0607330799102783,0.0050610899925231,0.5595309598677833,0.018412446975708,0.0607330799102783,0.0484271766908885,0.005007437297276,0.0071718672183942,0.0029411315917969,0.0038409233093261,0.0244958400726318,0.0133159160614013,0,0.0244958400726318
OPPO-FINDX5_2,0.0,0.068572998046875,0.0062339089133522,0.5022078048509124,0.018200397491455,0.068572998046875,0.0867267467734761,0.0058636665344238,0.0068234045774163,0.0059471130371093,0.0049099922180175,0.0204408168792724,0.0181751251220703,0,0.0204408168792724
OPPO-FINDX5_2,0.0,0.0649189949035644,0.0059017268094149,0.5524404127951814,0.0214009284973144,0.0649189949035644,0.0545154063682105,0.0059806505839029,0.0086217238817118,0.0035390853881836,0.0041959285736083,0.0284018516540527,0.0146551132202148,0,0.0284018516540527
OPPO-FINDX5_2,0.0,0.0586750507354736,0.0058675050735473,0.5323220953998565,0.0203590154647827,0.0586750507354736,0.0822345297256001,0.0066937923431396,0.008958121636568,0.0048251152038574,0.0068109035491943,0.0298130512237549,0.01863694190979,0,0.0298130512237549
OPPO-FINDX5_2,0.0,0.0665538311004638,0.0047538450786045,0.6054336962245709,0.0183020234107971,0.0665538311004638,0.0508907493184595,0.0042744874954223,0.0087855934320322,0.0033869743347167,0.0041289329528808,0.0330700874328614,0.0159099102020263,0,0.0330700874328614
OPPO-FINDX5_2,0.0,0.0808069705963134,0.0073460882360284,0.6006538242522776,0.0275369882583618,0.0808069705963134,0.0126958743571659,0.0083829959233601,0.0112820735435692,0.001025915145874,0.0055761337280273,0.037100076675415,0.0142960548400878,0,0.037100076675415
OPPO-FINDX5_2,0.0,0.0691049098968505,0.0062822645360773,0.6621665913395683,0.0225239992141724,0.0691049098968505,0.0539767532525774,0.0078291495641072,0.010598299369825,0.0037300586700439,0.0042488574981689,0.0371708869934082,0.0154688358306884,0,0.0371708869934082
OPPO-FINDX5_2,0.0,0.0609939098358154,0.0067771010928683,0.5464630394758972,0.0207050323486328,0.0609939098358154,-0.1083544739218298,0.0070521831512451,0.0084946608698587,-0.0066089630126953,0.0066089630126953,0.0270190238952637,0.0164289474487304,0,0.0270190238952637
OPPO-FINDX5_2,0.0,0.0810639858245849,0.0073694532567804,0.5249303690806373,0.0275119543075561,0.0810639858245849,0.0938774789930799,0.0070943037668863,0.0109717607342954,0.0076100826263428,0.0065128803253173,0.0360069274902344,0.0194940567016601,0,0.0360069274902344
OPPO-FINDX5_2,0.0,0.0847411155700683,0.0094156795077853,0.1005767661705533,0.0397248744964599,0.0847411155700683,0.0561573305573532,0.0023540258407592,0.0194292560489685,0.0047588348388672,0.0039081573486328,0.0605261325836182,0.0156919956207275,0,0.0605261325836182
OPPO-FINDX5_2,0.0,0.0725190639495849,0.0065926421772349,0.5753779995857536,0.0228754281997681,0.0725190639495849,0.0617654117639316,0.0071594317754109,0.0091802086806651,0.0044791698455809,0.004518985748291,0.030059814453125,0.0151021480560302,0,0.030059814453125
OPPO-FINDX5_2,0.0,0.0646760463714599,0.0058796405792236,0.6903354947635396,0.0218005180358886,0.0646760463714599,0.0499721680533491,0.0077633460362752,0.0104010347639309,0.0032320022583007,0.0039129257202148,0.0362691879272461,0.0126960277557373,0,0.0362691879272461
OPPO-FINDX5_2,0.0,0.0628881454467773,0.0057171041315252,0.6669472119861101,0.0196905136108398,0.0628881454467773,0.0641463081752417,0.0072036584218343,0.009124434835926,0.0040340423583983,0.0049309730529785,0.0320720672607422,0.0144441127777099,0,0.0320720672607422
OPPO-FINDX5_2,0.0,0.067652940750122,0.0061502673409201,0.6856465214955058,0.0225520133972167,0.067652940750122,0.0410210144595554,0.0079496304194132,0.0107965730757305,0.0027751922607421,0.0042688846588134,0.0377111434936524,0.0138740539550781,0,0.0377111434936524
OPPO-FINDX5_2,0.0,0.0727238655090332,0.0066112605008212,0.5910283057837694,0.0239899158477783,0.0727238655090332,0.0498449312517627,0.0073496500651041,0.0102545059400474,0.0036249160766602,0.0057480335235595,0.0349688529968261,0.0167310237884521,0,0.0349688529968261
IQOO-Z9X,10.180529832839966,0.2044508457183838,0.0204450845718383,0.168978541833571,0.0815531969070433,0.2044508457183838,0.00561030589053,0.0097097396850585,0.0364465402584534,0.0011470317840576,0.0140209197998046,0.1192240715026854,0.0506789684295654,7,0.1192240715026854
IQOO-Z9X,10.27394986152649,0.207007884979248,0.0207007884979248,0.1848767756900629,0.080883777141571,0.207007884979248,0.006177915679052,0.0104750156402587,0.0361730780280908,0.0012788772583006,0.0141170024871826,0.1188030242919922,0.049933910369873,8,0.1188030242919922
IQOO-Z9X,10.381669998168944,0.2125248908996582,0.0212524890899658,0.1598114862787949,0.0861634492874144,0.2125248908996582,0.0087985784064063,0.009455394744873,0.0387186255473783,0.0018699169158935,0.0133280754089355,0.1265010833740235,0.0520598888397216,8,0.1265010833740235
IQOO-Z9X,10.1260027885437,0.1996848583221435,0.0199684858322143,0.1507022359555792,0.081273317337036,0.1996848583221435,0.007926795050738,0.0087912559509277,0.0365869825823993,0.0015828609466552,0.0138819217681884,0.1191611289978027,0.0504307746887207,8,0.1191611289978027
IQOO-Z9X,10.2778799533844,0.2054429054260254,0.0205442905426025,0.1677494226461954,0.0820367336273192,0.2054429054260254,0.0071116062621129,0.0097021579742431,0.0369188611478793,0.0014610290527343,0.0140628814697265,0.1208150386810303,0.0501649379730224,8,0.1208150386810303
IQOO-Z9X,10.505439043045044,0.2013509273529052,0.0223723252614339,0.118186866731318,0.0905409812927245,0.2013509273529052,0.0081003922905958,0.0092924833297729,0.0411500358201821,0.0016310214996338,0.01338791847229,0.1276350021362305,0.0499188899993896,5,0.1276350021362305
IQOO-Z9X,10.19688606262207,0.2122831344604492,0.0212283134460449,0.1978166625485746,0.0816332101821898,0.2122831344604492,0.006081672993553,0.0110340118408203,0.0363876618816436,0.0012910366058349,0.0143020153045654,0.1201958656311035,0.0500941276550293,8,0.1201958656311035
IQOO-Z9X,10.141741037368774,0.201279878616333,0.0201279878616333,0.1698224060059533,0.0798821806907653,0.201279878616333,0.0079682171543502,0.0094015598297119,0.0355496394954435,0.0016038417816161,0.0138640403747558,0.1164860725402832,0.0506119728088378,7,0.1164860725402832
IQOO-Z9X,10.155234098434448,0.1967589855194091,0.0196758985519409,0.1398517085985504,0.0812004923820494,0.1967589855194091,0.0071055791640767,0.0082667827606201,0.0366313824031616,0.0013980865478515,0.0138309001922607,0.1189467906951903,0.0502951145172119,6,0.1189467906951903
IQOO-Z9X,10.291454076766968,0.214616060256958,0.0214616060256958,0.1471885709842088,0.0882477521896361,0.214616060256958,0.0084384529502925,0.0089714050292968,0.040250014615328,0.0018110275268555,0.0143849849700927,0.1317379474639892,0.0512890815734863,4,0.1317379474639892
IQOO-Z9X,10.29013705253601,0.2054851055145263,0.0205485105514526,0.1716482937622625,0.081454563140869,0.2054851055145263,0.0093100211517552,0.009806203842163,0.0363350558021462,0.0019130706787109,0.0137689113616943,0.1191518306732177,0.0510621070861816,5,0.1191518306732177
IQOO-Z9X,10.257920026779177,0.2041630744934082,0.0226847860548231,0.1288475596796532,0.0905558109283447,0.2041630744934082,0.0062359719825016,0.0095599293708801,0.0410016772274344,0.0012731552124023,0.0139989852905273,0.1276090145111084,0.0502481460571289,8,0.1276090145111084
VIVO-X60_2,9.636471033096312,0.251406192779541,0.0251406192779541,0.0948747906539184,0.0994388461112976,0.251406192779541,0.0120600413096957,0.0072301864624023,0.0400400929325764,0.0030319690704345,0.087400197982788,0.1203970909118653,0.1071569919586181,4,0.1203970909118653
VIVO-X60_2,9.566606998443604,0.2543950080871582,0.0254395008087158,0.1050730546105473,0.099574589729309,0.2543950080871582,0.0132782260709836,0.0079258441925048,0.0399006470673133,0.0033779144287109,0.0873091220855712,0.1201720237731934,0.1074929237365722,6,0.1201720237731934
VIVO-X60_2,9.389251947402954,0.2533769607543945,0.0281529956393771,0.0976607636863202,0.1020116806030272,0.2533769607543945,0.0590229030618965,0.0066794753074646,0.0414988009845812,0.0149550437927245,0.0769288539886474,0.1200661659240722,0.1085658073425293,4,0.1200661659240722
VIVO-X60_2,9.742932081222534,0.255634069442749,0.0232394608584317,0.1005384221516927,0.0971035957336425,0.255634069442749,0.0139963645079729,0.0064788262049356,0.0384862810149936,0.0035779476165771,0.0889220237731933,0.1198971271514892,0.1100358963012695,6,0.1198971271514892
VIVO-X60_2,9.494130849838257,0.2513909339904785,0.0251390933990478,0.1044707466734951,0.0984792470932006,0.2513909339904785,0.0123120987092308,0.0077461242675781,0.0395907380699566,0.0030951499938964,0.0853028297424316,0.1194689273834229,0.105659008026123,6,0.1194689273834229
VIVO-X60_2,9.333518981933594,0.2513480186462402,0.025134801864624,0.0932168502129517,0.0995896458625793,0.2513480186462402,0.0135150773550365,0.0071640014648437,0.0401956343986842,0.0033969879150391,0.0868170261383056,0.1211411952972412,0.1067769527435302,6,0.1211411952972412
VIVO-X60_2,9.512786865234377,0.2525639533996582,0.0252563953399658,0.1007353704700142,0.0988826274871825,0.2525639533996582,0.0124087866859243,0.007744026184082,0.0396577604060502,0.00313401222229,0.0874309539794921,0.1191339492797851,0.1079878807067871,6,0.1191339492797851
VIVO-X60_2,9.335498094558716,0.2615540027618408,0.0237776366147128,0.1068149934778864,0.1000195741653442,0.2615540027618408,0.0111874075350239,0.006638487180074,0.0398830198182492,0.0029261112213135,0.0895509719848632,0.1239461898803711,0.1096699237823486,7,0.1239461898803711
VIVO-X60_2,9.35507607460022,0.2518091201782226,0.0251809120178222,0.0963666627531329,0.0998607873916625,0.2518091201782226,0.0125889539882064,0.0073636531829833,0.0402729108048675,0.0031700134277343,0.0866072177886962,0.1209869384765625,0.1065561771392822,6,0.1209869384765625
VIVO-X60_2,9.400672912597656,0.2515408992767334,0.0251540899276733,0.0998522329506302,0.0983249902725219,0.2515408992767334,0.0126421866869379,0.0077298164367675,0.0395720835604207,0.0031800270080567,0.0857529640197753,0.1196901798248292,0.1067337989807128,8,0.1196901798248292
VIVO-X60_2,9.299506902694702,0.2494959831237793,0.0249495983123779,0.0962863438901749,0.0979586958885192,0.2494959831237793,0.011503523300416,0.0075675964355468,0.0393967869704644,0.0028700828552246,0.086716890335083,0.118480920791626,0.1069920063018798,6,0.118480920791626
VIVO-X60_2,9.477282047271729,0.2515461444854736,0.0251546144485473,0.1025021302085851,0.098612344264984,0.2515461444854736,0.0111434315172299,0.0077762126922607,0.039688922309887,0.002803087234497,0.0853700637817382,0.1201701164245605,0.1055920124053955,6,0.1201701164245605
VIVO-X60_2,9.39141583442688,0.2514398097991943,0.0251439809799194,0.0961820190306415,0.0988959550857543,0.2514398097991943,0.0128388084751309,0.0072937965393066,0.039736478127172,0.0032281875610351,0.0876288414001464,0.1190698146820068,0.1081860065460205,6,0.1190698146820068
VIVO-X60_2,9.412163019180298,0.2547929286956787,0.0254792928695678,0.104955744428402,0.0992331981658935,0.2547929286956787,0.0137637213793852,0.0080500125885009,0.0397927184002418,0.0035068988800048,0.0868000984191894,0.1204659938812256,0.1075849533081054,4,0.1204659938812256
VIVO-X60_2,9.435926914215088,0.2534940242767334,0.0253494024276733,0.099884220832538,0.0995134353637694,0.2534940242767334,0.0089199807003368,0.0075485706329345,0.0400506488396634,0.0022611618041991,0.0877149105072021,0.1205990314483642,0.1075749397277832,8,0.1205990314483642
VIVO-X70_PRO_1,9.377449035644531,0.4326939582824707,0.0038429975509643,0.0213962586439651,0.0114232420921325,0.0384299755096435,-0.031169518141995,0.0017628272374471,0.0043706665369356,-0.0134868621826171,0.0134868621826171,0.0121400356292724,0.0240340232849121,1,0.0121400356292724
VIVO-X70_PRO_1,0.0,0.4887661933898926,0.0057846705118815,0.0222640209869689,0.0133846282958984,0.0520620346069335,0.0091700918131114,0.0029792189598083,0.0047919334011314,0.0044820308685303,0.0134520530700683,0.0148110389709472,0.0263690948486328,0,0.0148110389709472
VIVO-X70_PRO_1,0.0,0.4585869312286377,0.0060773293177286,0.028866834801786,0.0106617212295531,0.036463975906372,-0.0237557143325049,0.0044226646423339,0.0045608553785315,-0.0108940601348876,0.0108940601348876,0.0108640193939208,0.0209488868713378,0,0.0108640193939208
VIVO-X70_PRO_1,0.0,0.5243089199066162,0.0058791875839233,0.0331406645685461,0.0147292852401733,0.0587918758392334,-0.0242620768119479,0.003503123919169,0.0061021135673242,-0.0127208232879638,0.0127208232879638,0.018164873123169,0.0232510566711425,0,0.018164873123169
VIVO-X70_PRO_1,0.0,0.4955110549926758,0.0045278867085774,0.0062016316993884,0.0118926048278808,0.0407509803771972,0.0081310709975922,0.0010477304458618,0.0050000065122029,0.0040290355682372,0.0145678520202636,0.0134229660034179,0.0281939506530761,0,0.0134229660034179
VIVO-X70_PRO_1,0.0,0.4182801246643066,0.00525963306427,0.0157598578198511,0.016972804069519,0.0420770645141601,0.0082814920707663,0.0016570091247558,0.007036795657901,0.0034639835357666,0.0116641521453857,0.0203568935394286,0.0,0,0.0203568935394286
VIVO-X70_PRO_1,0.0,0.4640679359436035,0.0049385070800781,0.0181438748239095,0.0144945859909057,0.0493850708007812,0.0092440463163042,0.0020020008087158,0.0055299648296924,0.0042898654937744,0.0131430625915527,0.0169250965118408,0.0240399837493896,0,0.0169250965118408
VIVO-X70_PRO_1,0.0,0.4030919075012207,0.0097025036811828,0.0,0.015583837032318,0.0388100147247314,-0.0296979339796176,2.0980834960899336e-05,0.0068837521261693,-0.0119709968566894,0.0119709968566894,0.0162250995635985,0.0225849151611328,0,0.0162250995635985
VIVO-X70_PRO_1,0.0,0.4846780300140381,0.0058652460575103,0.0127321390711831,0.0152887701988219,0.046921968460083,-0.0283276935707688,0.0014863491058349,0.0064322463941569,-0.0137298107147216,0.0137298107147216,0.0168070793151855,0.0239439010620117,0,0.0168070793151855
VIVO-X70_PRO_1,0.0,0.4814178943634033,0.0027245879173278,0.0149290837568894,0.0100977659225463,0.0326950550079345,-0.0263800797637494,0.0010877549648285,0.0035790503961408,-0.0126998424530029,0.0126998424530029,0.0102050304412841,0.022709846496582,0,0.0102050304412841
VIVO-X70_PRO_1,8.513443946838379,0.4874320030212402,0.0059374462474476,0.0227270281612844,0.0128281116485595,0.0653119087219238,0.0207391958083347,0.0030922549111502,0.0047201406895848,0.0101089477539062,0.0237250328063964,0.0131571292877197,0.0417349338531494,1,0.0131571292877197
VIVO-X70_PRO_1,0.0,0.4514920711517334,0.0060677528381347,0.059498493685625,0.0158393263816833,0.0728130340576171,0.0099472195892157,0.0042348589215959,0.0059859145492907,0.0044910907745361,0.0152759552001953,0.0198559761047363,0.0260939598083496,0,0.0198559761047363
VIVO-X70_PRO_1,0.0,0.503364086151123,0.0074655669076102,0.0088998902078471,0.0159652471542358,0.0522589683532714,0.0194987642462185,0.0015036265055338,0.0063383771283554,0.009814977645874,0.0124759674072265,0.0174739360809325,0.0303051471710205,0,0.0174739360809325
XIAOMI-10MI1,1.2638649940490725,0.0443720817565918,0.0044372081756591,0.4483477513298591,0.0165239691734313,0.0443720817565918,0.0548062973510281,0.0034908850987752,0.0064510548702047,0.0024318695068359,0.003864049911499,0.0181570053100586,0.0,1,0.0181570053100586
XIAOMI-10MI1,11.123605966567991,0.0532901287078857,0.0048445571552623,0.2173769098270808,0.0168590545654296,0.0532901287078857,0.0563899514573967,0.0023039976755777,0.0076946371332716,0.003005027770996,0.0055000782012939,0.0267910957336426,0.0149149894714355,1,0.0267910957336426
XIAOMI-10MI1,10.380878925323486,0.0464158058166503,0.004641580581665,0.6272177191522599,0.0168149471282959,0.0464158058166503,0.0430240083829017,0.0060709476470947,0.0072466752562208,0.0019969940185547,0.0037188529968261,0.0242929458618165,0.0133910179138183,1,0.0242929458618165
XIAOMI-10MI1,11.140363931655884,0.0304689407348632,0.0101563135782877,1.0,0.0236302375793456,0.0304689407348632,0.0,0.0101563135782877,0.0137186929882862,0.0,0.0,0.0259969234466552,0.0,1,0.0259969234466552
XIAOMI-10MI1,1.1960909366607666,0.0499341487884521,0.0038410883683424,0.3923003834051927,0.0144165992736816,0.0499341487884521,0.047980557584786,0.0025964081287383,0.0052170099503418,0.0023958683013916,0.0048160552978515,0.0166358947753905,0.0137090682983398,1,0.0166358947753905
XIAOMI-10MI1,10.256462097167969,0.0650150775909423,0.0059104615991765,0.5868027415445211,0.0239635705947875,0.0650150775909423,0.0358975111205642,0.0065267086029052,0.0094625005684481,0.0023338794708251,0.0042181015014648,0.0289590358734131,0.0255200862884521,1,0.0289590358734131
XIAOMI-10MI1,11.006742000579834,0.0472548007965087,0.0047254800796508,0.496859248944253,0.0133294701576232,0.0472548007965087,0.0369271598024221,0.0049329757690429,0.0051918637475624,0.0017449855804443,0.0057129859924316,0.0165960788726805,0.0144388675689697,1,0.0165960788726805
XIAOMI-10MI1,11.12203884124756,0.0558969974517822,0.0062107774946424,0.6622207814919242,0.0206338882446288,0.0558969974517822,0.0584263528528592,0.0095050334930419,0.0090215507976609,0.0032658576965332,0.0048890113830566,0.0291371345520019,0.0147850513458251,1,0.0291371345520019
XIAOMI-10MI1,10.27004599571228,0.0455000400543212,0.0050555600060356,0.3000246278315449,0.0144617557525634,0.0455000400543212,0.0549881838808224,0.0037338137626647,0.005585440147347,0.0025019645690917,0.0055370330810546,0.0176589488983155,0.0141899585723876,1,0.0176589488983155
XIAOMI-10MI1,11.121535062789915,0.0453300476074218,0.0045330047607421,0.3576853488176379,0.0136175394058227,0.0453300476074218,0.0458638390978704,0.0036902427673339,0.0051905835188637,0.0020790100097656,0.0051581859588623,0.0150940418243408,0.0140221118927001,1,0.0150940418243408
XIAOMI-10MI1,11.134507179260254,0.0491430759429931,0.0037802366109994,0.4671673434536019,0.0145676612854004,0.0491430759429931,0.0510137249479669,0.0030150413513183,0.0053488490043879,0.0025069713592529,0.004716157913208,0.0173468589782714,0.01347017288208,1,0.0173468589782714
XIAOMI-10MI1,10.257505178451538,0.0538389682769775,0.004141459098229,0.5087393774605103,0.0151507854461669,0.0538389682769775,0.0440755124724878,0.0036205053329467,0.0056738130917661,0.0023729801177977,0.0053110122680664,0.0192470550537108,0.0139980316162109,1,0.0192470550537108
XIAOMI-10Mi2,9.645419120788574,0.0444371700286865,0.0040397427298805,0.3334370623930295,0.0133609771728515,0.0444371700286865,0.0894502180992913,0.0026694933573404,0.0052478261458339,0.0039749145507813,0.0024991035461425,0.0172290802001953,0.0123910903930664,1,0.0172290802001953
XIAOMI-10Mi2,9.723756074905396,0.0433099269866943,0.0039372660896994,0.6293468387878118,0.0151515007019042,0.0433099269866943,0.0527868762214068,0.0071162581443786,0.006792080223646,0.0022861957550048,0.0012669563293457,0.0231070518493651,0.0107491016387939,1,0.0231070518493651
XIAOMI-10Mi2,9.656898975372314,0.0425388813018798,0.0038671710274436,0.5431479478312536,0.0128329992294311,0.0425388813018798,0.0306522214313327,0.0040169954299926,0.0053920570719351,0.0013039112091064,0.0033168792724609,0.0179409980773926,0.0117089748382568,1,0.0179409980773926
XIAOMI-10Mi2,9.530026912689207,0.0425939559936523,0.0038721778176047,0.5409455253789496,0.0125459432601928,0.0425939559936523,0.0521684615901291,0.004058837890625,0.0052604185675214,0.0022220611572265,0.0038659572601318,0.0179998874664307,0.0124609470367431,1,0.0179998874664307
XIAOMI-10Mi2,9.554719924926758,0.0450110435485839,0.0040919130498712,0.7004714232745385,0.0161989927291869,0.0450110435485839,0.0455002913289917,0.0056153138478596,0.007524649916985,0.0020480155944825,0.0021970272064208,0.0260579586029053,0.010585069656372,1,0.0260579586029053
XIAOMI-10Mi2,9.647570133209229,0.0415401458740234,0.0037763768976384,0.5290532164011202,0.0125904083251953,0.0415401458740234,0.0453533220074372,0.0040176312128702,0.0052211786372192,0.0018839836120605,0.0033740997314453,0.0174667835235595,0.0118491649627685,1,0.0174667835235595
XIAOMI-10Mi2,9.636711835861206,0.0463118553161621,0.0046311855316162,0.3030744519835676,0.0153086304664612,0.0463118553161621,0.0591209085386562,0.0030609607696533,0.0060460204782575,0.0027379989624022,0.0042159557342529,0.0195670127868653,0.0127089023590087,1,0.0195670127868653
XIAOMI-10Mi2,9.552464962005615,0.045490026473999,0.0041354569521817,0.3446506533053122,0.0146665573120117,0.045490026473999,0.0494394624709764,0.0028431812922159,0.005963575992276,0.002249002456665,0.0014128684997558,0.0188469886779785,0.0109648704528808,1,0.0188469886779785
XIAOMI-10Mi2,9.564692974090576,0.0410900115966796,0.0037354555996981,0.5897275217007856,0.0129524469375611,0.0410900115966796,0.0876386761361,0.0063574910163879,0.0055688033758958,0.00360107421875,0.0012660026550292,0.0189290046691894,0.0118429660797119,1,0.0189290046691894
XIAOMI-10Mi2,0.0,0.0430910587310791,0.0039173689755526,0.3675727714856393,0.0132850408554077,0.0430910587310791,0.0554396720096038,0.0028533538182576,0.0050106790292984,0.0023889541625976,0.0036799907684326,0.0153620243072509,0.0118899345397949,0,0.0153620243072509
XIAOMI-10MI3,9.46794605255127,0.0459959506988525,0.0028747469186782,0.3584887078130437,0.0112285017967224,0.0459959506988525,0.0427221505175698,0.001825527711348,0.0043765129270379,0.0019650459289551,0.0044178962707519,0.0146830081939697,0.0148239135742187,1,0.0146830081939697
XIAOMI-10MI3,9.82602310180664,0.0555109977722168,0.0032653528101304,0.4710045956277121,0.0121481418609619,0.0555109977722168,0.0639007000816055,0.0023814837137857,0.0049494459727881,0.0035471916198731,0.007761001586914,0.01863694190979,0.0188391208648681,4,0.01863694190979
XIAOMI-10MI3,9.647083044052124,0.0408990383148193,0.0040899038314819,0.0427881056061754,0.0180763244628906,0.0408990383148193,0.0773858449484983,0.0005999406178792,0.0084676359338411,0.0031650066375733,0.0018880367279052,0.0274610519409179,0.0116591453552246,3,0.0274610519409179
XIAOMI-10MI3,9.650036096572876,0.0436460971832275,0.0033573920910175,0.4692540900772947,0.012895393371582,0.0436460971832275,0.0810149400486173,0.0026823878288268,0.0046051497058981,0.0035359859466553,0.001047134399414,0.0130939483642578,0.010401964187622,3,0.0130939483642578
XIAOMI-10MI3,9.742696046829224,0.0412700176239013,0.0041270017623901,0.5828918711257716,0.0130622386932372,0.0412700176239013,0.0672909722182105,0.0062814950942992,0.0054333893155353,0.002777099609375,0.0021469593048095,0.0180919170379637,0.0118389129638671,3,0.0180919170379637
XIAOMI-10MI3,9.871819019317629,0.0452208518981933,0.0056526064872741,0.4909421627036438,0.0148990869522094,0.0452208518981933,0.0774450361153594,0.0111004114151,0.0057463332097803,0.0035021305084229,0.0024518966674804,0.0170238018035888,0.0120668411254882,2,0.0170238018035888
XIAOMI-10MI3,9.685408115386965,0.0464091300964355,0.003093942006429,0.3740226247598315,0.0112146377563476,0.0464091300964355,0.0764279182549561,0.001868987083435,0.0043039961567409,0.0035469532012939,0.0032789707183837,0.0145111083984374,0.0145399570465087,3,0.0145111083984374
XIAOMI-10MI3,9.732083082199097,0.2925951480865478,0.0265995589169588,0.3003398702609854,0.1324081420898438,0.2925951480865478,-0.0216715163298247,0.0130018847329275,0.0603162391312126,-0.0063409805297851,0.0063409805297851,0.1983761787414551,0.0,5,0.1983761787414551
XIAOMI-10MI3,9.657940149307253,0.0511200428009033,0.0046472766182639,0.4074519735277246,0.0124735832214355,0.0511200428009033,0.0581774425990963,0.0038970311482747,0.0049263316703136,0.0029740333557129,0.0050611495971679,0.0162711143493652,0.0140199661254882,3,0.0162711143493652
XIAOMI-10MI3,9.74380898475647,0.0484480857849121,0.0037267758296086,0.5680540928909589,0.0138000011444091,0.0484480857849121,0.0528232434081676,0.0042168753487723,0.0052712614541881,0.0025591850280762,0.0021119117736816,0.0180180072784424,0.0099389553070068,3,0.0180180072784424
XIAOMI-10MI3,9.691695928573608,0.048624038696289,0.0037403106689453,0.6210528380339707,0.012363052368164,0.048624038696289,0.0744469069940785,0.003882884979248,0.0054720309702484,0.0036199092864991,0.0046980381011962,0.020334005355835,0.0153670310974121,2,0.020334005355835
XIAOMI-10MI3,9.722797870635986,0.0651628971099853,0.0108604828516642,0.665347056305408,0.0281794667243957,0.0651628971099853,-0.0324719277897492,0.0216779708862304,0.0126198893681561,-0.0021159648895263,0.0021159648895263,0.0310089588165283,0.0,3,0.0310089588165283
XIAOMI-12,6.273369073867798,0.0736911296844482,0.0073691129684448,0.477658104780917,0.0224241614341735,0.0736911296844482,0.032842310965015,0.0072368144989013,0.0085247634255034,0.0024201869964599,0.0112209320068359,0.0266690254211426,0.0212559700012207,0,0.0266690254211426
XIAOMI-12,10.681128025054932,0.092862844467163,0.0103180938296847,0.6869792937008175,0.0352776050567627,0.092862844467163,0.0370351352392207,0.0159491896629333,0.0159379163758338,0.00343918800354,0.0083308219909667,0.0519559383392334,0.0188078880310058,0,0.0519559383392334
XIAOMI-12,10.67014503479004,0.0840919017791748,0.0070076584815979,0.5525124253275383,0.0232996821403503,0.0840919017791748,0.0832674145962514,0.0067949295043945,0.0094329523590876,0.0070021152496338,0.0087509155273437,0.0323779582977295,0.0217580795288085,0,0.0323779582977295
XIAOMI-12,10.8110249042511,0.0802679061889648,0.0089186562432183,0.561980942649732,0.0280482769012451,0.0802679061889648,0.0458196205163543,0.0092410087585449,0.0113324317917554,0.0036778450012206,0.0091819763183593,0.0318810939788818,0.0,0,0.0318810939788818
XIAOMI-12,9.938321113586426,0.0692861080169677,0.0076984564463297,0.5775050153643927,0.0215015411376953,0.0692861080169677,0.0504289297917807,0.008275032043457,0.0081828150056837,0.0034940242767334,0.0107641220092773,0.0258259773254394,0.0,0,0.0258259773254394
XIAOMI-12,10.673099994659424,0.0922479629516601,0.0083861784501509,0.6617922236351048,0.0294069051742554,0.0922479629516601,0.0325419470892899,0.0103471676508585,0.0117610187293127,0.0030019283294677,0.0088350772857666,0.0374128818511963,0.0172820091247558,0,0.0374128818511963
XIAOMI-12,10.702677011489868,0.0971529483795166,0.0097152948379516,0.6302035146961027,0.0372960567474364,0.0971529483795166,0.0396501500654,0.0125395774841308,0.0161424402615971,0.0038521289825439,0.0078787803649902,0.0531811714172362,0.0180459022521972,0,0.0531811714172362
XIAOMI-12,10.72973108291626,0.0768570899963378,0.0064047574996948,0.6742916348701152,0.0242162585258483,0.0768570899963378,0.0402839044304231,0.0075471401214599,0.0091932686646629,0.0030961036682129,0.009300947189331,0.0292520523071288,0.0189950466156005,0,0.0292520523071288
XIAOMI-12,10.66956090927124,0.0828340053558349,0.0082834005355834,0.7352913240326855,0.0299425601959227,0.0828340053558349,0.0444635049837229,0.0121830463409424,0.0116196886715443,0.0036830902099608,0.0089278221130371,0.0303120613098144,0.0180740356445312,0,0.0303120613098144
XIAOMI-12,10.683321952819824,0.0809929370880127,0.0080992937088012,0.6422909019189962,0.0258850574493408,0.0809929370880127,0.0255336184793448,0.0109089851379394,0.0110844500075487,0.0020680427551268,0.0079669952392578,0.0372529029846191,0.0177440643310546,0,0.0372529029846191
XIAOMI-12,10.704425811767578,0.0954759120941162,0.0086796283721923,0.6336567154861348,0.0363155603408813,0.0954759120941162,0.0351924685670058,0.0103331804275512,0.0162396584894305,0.0033600330352784,0.0086488723754882,0.0553779602050781,0.017723798751831,0,0.0553779602050781
XIAOMI-12,0.0,0.108051061630249,0.0108051061630248,0.7594831409601522,0.0458137035369872,0.108051061630249,0.0275794959830005,0.016614007949829,0.0233744369332594,0.0029799938201903,0.0078291893005371,0.0768020153045654,0.0180490016937255,0,0.0768020153045654
XIAOMI-12,10.669090032577516,0.0917108058929443,0.0091710805892944,0.7740411737026957,0.0379436254501341,0.0917108058929443,0.0469189914288611,0.0141995906829834,0.019441717020524,0.004302978515625,0.0070040225982666,0.0641350746154785,0.0172388553619384,0,0.0641350746154785
XIAOMI-12,10.675242900848389,0.0890600681304931,0.0089060068130493,0.7275321581067877,0.0373610019683837,0.0890600681304931,0.0421287930503689,0.0109813610712686,0.0175759575616987,0.0037519931793212,0.0079140663146972,0.0576200485229492,0.0,0,0.0576200485229492
XIAOMI-12,10.681334972381592,0.1057159900665283,0.0105715990066528,0.0423495449983655,0.0487331032752989,0.1057159900665283,0.0348191833650949,0.0011445999145507,0.0255736909405467,0.003680944442749,0.0081210136413574,0.0829880237579345,0.0182509422302246,0,0.0829880237579345
XIAOMI-12,10.72926902770996,0.1192059516906738,0.0132451057434081,0.6657226402339269,0.0579748630523681,0.1192059516906738,-0.0295028260791298,0.0163284301757812,0.0250908385380897,-0.0035169124603271,0.0035169124603271,0.0731041431427002,0.0387978553771972,0,0.0731041431427002
XIAOMI-12,10.731651067733765,0.0548601150512695,0.0054860115051269,0.5678661451542817,0.0157525539398193,0.0548601150512695,0.0585875706214696,0.0064682006835937,0.0065284605345802,0.0032141208648682,0.0019819736480712,0.0173361301422119,0.0122749805450439,0,0.0173361301422119
XIAOMI-12,10.71120309829712,0.0986719131469726,0.0109635459052191,0.7200019330208287,0.046564769744873,0.0986719131469726,0.0249915430338765,0.0183342695236205,0.0227921927831804,0.0024659633636474,0.0086200237274169,0.0710439682006836,0.0177819728851318,0,0.0710439682006836
XIAOMI-12,10.6718590259552,0.0729188919067382,0.0081020991007486,0.5388302533317645,0.0245505809783934,0.0729188919067382,0.0379997645858679,0.008049201965332,0.0097370366033844,0.0027709007263184,0.0079169273376464,0.0289108753204345,0.0156178474426269,0,0.0289108753204345
XIAOMI-12,0.0,0.0867350101470947,0.0078850009224631,0.6787816148194175,0.0299700498580933,0.0867350101470947,0.0392805798902119,0.0100201765696207,0.0145210746658511,0.0034070014953613,0.0091328620910644,0.0507380962371827,0.0186588764190673,0,0.0507380962371827
XIAOMI-12X,8.766448020935059,0.0495710372924804,0.0070815767560686,0.5217347390292242,0.0186916589736938,0.0495710372924804,-0.1521046961272821,0.0072641968727111,0.007401691270148,-0.0075399875640869,0.0075399875640869,0.0225679874420165,0.0171868801116943,0,0.0225679874420165
XIAOMI-12X,0.0,0.0539848804473876,0.0077121257781982,0.4933952806398471,0.0163853168487548,0.0539848804473876,-0.0677784206086662,0.0092453161875406,0.0066833558720556,-0.0036590099334716,0.0036590099334716,0.0171599388122557,0.0182368755340576,0,0.0171599388122557
XIAOMI-12X,0.0,0.0697770118713378,0.0043610632419586,0.5007072909049902,0.0142713785171509,0.0697770118713378,0.0262107658559589,0.0039498155767267,0.0046127740712652,0.0018289089202881,0.0088021755218505,0.0151300430297851,0.0208539962768554,0,0.0151300430297851
XIAOMI-12X,0.0,0.0715558528900146,0.0055042963761549,0.5411709043171731,0.0166422843933105,0.0715558528900146,0.0206246022517138,0.004303773244222,0.0059078059185606,0.0014758110046387,0.0074520111083984,0.0177390575408935,0.0169208049774169,0,0.0177390575408935
XIAOMI-12X,0.0,0.0851919651031494,0.0053244978189468,0.5095558335502253,0.0136040449142456,0.0851919651031494,0.0250503049079121,0.0049092239803738,0.0052616733650616,0.0021340847015381,0.0175437927246093,0.0183830261230469,0.0297708511352539,0,0.0183830261230469
XIAOMI-12X,0.0,0.0606639385223388,0.0055149035020307,0.6508294588571899,0.0166854858398437,0.0606639385223388,0.0679444905145748,0.0068188110987345,0.0066718709405053,0.0041217803955078,0.0035600662231445,0.0230979919433592,0.0136928558349609,0,0.0230979919433592
XIAOMI-12X,0.0,0.0554299354553222,0.0050390850413929,0.3141253387242464,0.0183794498443603,0.0554299354553222,0.1166329734612248,0.0029418468475341,0.0072789049307445,0.006464958190918,0.0079929828643798,0.0235600471496582,0.0,0,0.0235600471496582
XIAOMI-12X,0.0,0.0344860553741455,0.0031350959431041,0.4738428566490377,0.0094814300537109,0.0344860553741455,0.0679387465864716,0.0043914914131164,0.0037393610539502,0.0023429393768311,0.0032610893249511,0.0120809078216552,0.0112631320953369,0,0.0120809078216552
XIAOMI-12X,0.0,0.0445489883422851,0.0040499080311168,0.6446599447691227,0.0149074792861938,0.0445489883422851,0.0366600303983901,0.0075511932373046,0.0065281520974856,0.0016331672668457,0.0031859874725341,0.0225679874420165,0.0120661258697509,0,0.0225679874420165
XIAOMI-12X,0.0,0.044612169265747,0.0044612169265747,0.4762635142718189,0.0128215909004211,0.044612169265747,0.0462384497400018,0.0045496463775634,0.0049690343672342,0.0020627975463866,0.0052452087402343,0.0157251358032225,0.014092206954956,0,0.0157251358032225
XIAOMI-12X,0.0,0.0469639301300048,0.0042694481936368,0.4833054964692023,0.0125714540481567,0.0469639301300048,0.0451414095775736,0.0039488077163696,0.0049980490610222,0.0021200180053711,0.0048418045043945,0.0159318447113037,0.0161728858947753,0,0.0159318447113037
XIAOMI-12X,0.0,0.0374960899353027,0.0037496089935302,0.5251224009664928,0.0115550398826598,0.0374960899353027,0.1051821707890903,0.0069573720296224,0.0047987774817475,0.0039439201354981,0.0012030601501464,0.0151059627532959,0.0105910301208496,0,0.0151059627532959
XIAOMI-12X,0.0,0.0399589538574218,0.0039958953857421,0.3595942720763713,0.0140860438346862,0.0399589538574218,0.0474224343675438,0.0047896703084309,0.0056295361531325,0.0018949508666993,0.0017390251159667,0.0169348716735839,0.0086550712585449,0,0.0169348716735839
XIAOMI-12X,0.0,0.0426948070526123,0.003881346095692,0.4756777886360464,0.0121949911117553,0.0426948070526123,0.0515984922518489,0.0037045081456502,0.0049058917859471,0.0022029876708984,0.0058069229125976,0.0163941383361816,0.0143899917602539,0,0.0163941383361816
XIAOMI-12X,0.0,0.0381360054016113,0.0031780004501342,0.4047101041549462,0.0103482723236083,0.0381360054016113,0.0533090763594527,0.0030886173248291,0.0039506710725464,0.0020329952239989,0.0018961429595947,0.0117309093475341,0.0109710693359375,0,0.0117309093475341
XIAOMI-13,1.6213979721069336,0.08604097366333,0.0061457838330949,0.3955087812636819,0.0225602149963378,0.08604097366333,0.0365188621211367,0.0040024121602376,0.0088622178810951,0.0031421184539795,0.0373909473419189,0.0286760330200194,0.0473768711090087,2,0.0286760330200194
XIAOMI-13,10.869194984436035,0.0730738639831543,0.0066430785439231,0.488574001448642,0.0246850252151489,0.0730738639831543,0.2451760882757898,0.0062233209609985,0.0097584137764833,0.0179159641265869,0.0099339485168457,0.0314540863037109,0.0332210063934326,2,0.0314540863037109
XIAOMI-13,10.936070919036863,0.0709681510925293,0.0059140125910441,0.6719500641667405,0.0210108757019042,0.0709681510925293,0.0438651893758692,0.0069377081734793,0.0100040019569212,0.0031130313873291,0.0092449188232421,0.0364999771118164,0.0188410282135009,2,0.0364999771118164
XIAOMI-13,10.209616899490356,0.0794219970703125,0.0072201815518465,0.4191282420749285,0.0202469825744628,0.0794219970703125,0.0337055715658015,0.0057038863499959,0.0082238982124013,0.0026769638061523,0.0211091041564941,0.0203480720520019,0.030344009399414,2,0.0203480720520019
XIAOMI-13,11.212857007980348,0.0619339942932128,0.0056303631175648,0.3757554759979986,0.015293002128601,0.0619339942932128,0.2784270701004737,0.0058180093765258,0.0062240565411329,0.0172441005706787,0.0013048648834228,0.0172441005706787,0.0253200531005859,2,0.0172441005706787
XIAOMI-13,10.876528978347778,0.0875191688537597,0.0079562880776145,0.4944753488321412,0.0253651142120361,0.0875191688537597,0.204390299715051,0.007215658823649,0.0096915963873282,0.0178880691528321,0.0103900432586669,0.0328421592712402,0.0344810485839843,2,0.0328421592712402
XIAOMI-13,10.954497814178469,0.0867719650268554,0.0108464956283569,0.374394144218405,0.0250758171081542,0.0867719650268554,0.2073950124743092,0.0116316477457682,0.0098627609087232,0.017996072769165,0.0117819309234619,0.0288879871368408,0.0366718769073486,2,0.0288879871368408
XIAOMI-13,11.0729398727417,0.074779987335205,0.006231665611267,0.4032647855890323,0.0208861827850341,0.074779987335205,0.039263510282161,0.0044771603175572,0.0080341364220833,0.0029361248016356,0.0213088989257812,0.0218040943145752,0.0304808616638183,1,0.0218040943145752
XIAOMI-13,10.875661134719849,0.0892601013183593,0.0074383417765299,0.5524194410017521,0.0255124092102051,0.0892601013183593,0.2125678447796921,0.0071795667920793,0.0098017308468193,0.0189738273620606,0.0106191635131835,0.0335040092468261,0.0357601642608642,2,0.0335040092468261
XIAOMI-13,10.95066213607788,0.0724351406097412,0.0060362617174784,0.6156410973783395,0.0199978947639465,0.0724351406097412,0.0413047413722179,0.0064801488603864,0.0091867940228202,0.0029919147491455,0.0096890926361083,0.0331220626831054,0.0185811519622802,2,0.0331220626831054
XIAOMI-13,11.229995012283323,0.0773971080780029,0.0059536236983079,0.3297014727672077,0.0187842845916748,0.0773971080780029,0.0462561647675632,0.0045770406723022,0.0069277142865757,0.003580093383789,0.0326080322265625,0.0206568241119384,0.0424201488494873,2,0.0206568241119384
XIAOMI-13,11.043987035751345,0.0885810852050781,0.0073817571004231,0.4368674906334783,0.0220222353935241,0.0885810852050781,0.2149993540329872,0.0060020514896937,0.0080585708255744,0.0190448760986328,0.0124220848083496,0.0256612300872802,0.0381689071655273,2,0.0256612300872802
XIAOMI-MI11Lite,12.372322082519531,0.0648720264434814,0.0058974569494073,0.6804768957672565,0.0220614671707153,0.0648720264434814,0.0426361574902694,0.0075590213139851,0.010579433271183,0.0027658939361571,0.0040161609649658,0.0367519855499268,0.0133571624755859,1,0.0367519855499268
XIAOMI-MI11Lite,12.404720067977903,0.0784780979156494,0.0078478097915649,0.7166857556028814,0.0305033802986144,0.0784780979156494,0.0380998964032799,0.011259651184082,0.015082784723298,0.0029900074005127,0.0063650608062744,0.0500469207763672,0.0159718990325927,1,0.0500469207763672
XIAOMI-MI11Lite,12.36861801147461,0.0617220401763916,0.0061722040176391,0.6752059826715763,0.0213375091552734,0.0617220401763916,0.0448120951325138,0.0085628509521484,0.0094111042141636,0.0027658939361572,0.0049271583557128,0.0316200256347656,0.014286994934082,1,0.0316200256347656
XIAOMI-MI11Lite,11.900486946105955,0.0588181018829345,0.0053471001711758,0.6602405340878237,0.0198869705200195,0.0588181018829345,0.066104312507854,0.010035753250122,0.0094537643195914,0.0038881301879883,0.0022549629211425,0.0327470302581787,0.0129570960998535,1,0.0327470302581787
XIAOMI-MI11Lite,12.37362790107727,0.0618259906768798,0.005620544606989,0.6835957534600504,0.0199425220489501,0.0618259906768798,0.0387363728563882,0.007264494895935,0.0089550079915264,0.0023949146270751,0.0046210289001464,0.0312559604644775,0.0131869316101074,1,0.0312559604644775
XIAOMI-MI11Lite,12.377620935440063,0.0762951374053955,0.0069359215823086,0.6534772894173536,0.0276349782943725,0.0762951374053955,0.0396337557225666,0.0085065364837646,0.0124690501845555,0.0030238628387451,0.004810094833374,0.0428550243377686,0.0140230655670166,1,0.0428550243377686
XIAOMI-MI11Lite,12.421606063842772,0.0534651279449462,0.0048604661768132,0.4580399466664297,0.0170700550079345,0.0534651279449462,0.0608252433678632,0.0064245462417602,0.0065159692758011,0.0032520294189452,0.0012569427490234,0.0176019668579101,0.0113739967346191,2,0.0176019668579101
XIAOMI-MI11Lite,12.428783893585203,0.0758380889892578,0.0075838088989257,0.6125569024923928,0.0301808834075927,0.0758380889892578,0.0297464852493651,0.0094848155975342,0.0129244623452914,0.002255916595459,0.0035290718078613,0.0417311191558837,0.0133190155029296,1,0.0417311191558837
XIAOMI-MI11Lite,12.382736921310425,0.0651998519897461,0.0072444279988606,0.7229438179238534,0.0282735347747801,0.0651998519897461,0.0,0.0080743233362833,0.012962819056759,0.0,0.0,0.0408918857574462,0.0124659538269042,1,0.0408918857574462
XIAOMI-MI11Lite,12.531246900558472,0.0657649040222168,0.0059786276383833,0.5478432993278676,0.0222004652023315,0.0657649040222168,0.0361444035992128,0.0062122742335001,0.0088493107370705,0.0023770332336425,0.0042898654937744,0.0286328792572022,0.0139679908752441,1,0.0286328792572022
XIAOMI-MI11Lite,12.391906976699827,0.0833709239959716,0.0075791749087246,0.6956014447370903,0.0317385196685791,0.0833709239959716,0.0376512441268226,0.0147914290428161,0.0145104913657111,0.0031390190124511,0.0012397766113281,0.0492630004882811,0.0111639499664306,1,0.0492630004882811
XIAOMI-MI11Lite,12.282030820846558,0.0680170059204101,0.0056680838267008,0.5663899833148731,0.0197759866714477,0.0680170059204101,0.0408294892107514,0.0056874411446707,0.0076606844612342,0.0027770996093749,0.0060858726501464,0.0262551307678223,0.0150179862976074,1,0.0262551307678223
