Sample,Type_6_Last_Occurrence_Time,Type_Sequence_In_Range,First_Stage_Time_Diff,Next_Packet_After_First_Stage,Avg_Time_Dst_1,Dst_One_Exists,Dst_One_Count,Type_Unique_Count,Type_Sequence,Type_1_First_Occurrence_Time,Type_2_First_Occurrence_Time,Type_3_First_Occurrence_Time,Type_4_First_Occurrence_Time,Type_5_First_Occurrence_Time,Type_6_First_Occurrence_Time,Type_1_Count,Type_2_Count,Type_3_Count,Type_4_Count,Type_5_Count,Type_6_Count,Type_2_First_Occurrence_Time_Diff,Type_3_First_Occurrence_Time_Diff,Type_4_First_Occurrence_Time_Diff,Type_5_First_Occurrence_Time_Diff,Type_6_First_Occurrence_Time_Diff,Type_Sequence_Descending_Count,Label
0,0.1755399703979492,"1,1",0.1755399703979492,5.202437162399292,2.612014591693878,1,2,6,"1,2,2,2,1,2,2,3,3,4,5,6,6,6",0.0,3.504753112792969e-05,0.1493110656738281,0.15260910987854,0.1590001583099365,0.1684629917144775,2,5,2,1,1,3,3.504753112792969e-05,0.14927601814270017,0.003298044204711914,0.006391048431396484,0.009462833404541016,1,HONOR-60SE_1
1,0.0329458713531494,"1,2,2,1",0.0329458713531494,59.35800886154175,59.36978793144226,0,0,4,"3,3,4,5,6,6,6,6",0.0,0.0,0.0,0.0027189254760742,0.0099618434906005,0.0263218879699707,0,0,2,1,1,4,0.0,0.0,0.0027189254760742,0.0072429180145262995,0.0163600444793702,0,HONOR-60SE_1
2,0.0259771347045898,"1,2,2,2,1",0.0259771347045898,13.530189990997314,16.875237067540485,0,0,4,"3,3,4,5,6,6,6",0.0,0.0,0.0,0.0023901462554931,0.0093071460723876,0.0231971740722656,0,0,2,1,1,3,0.0,0.0,0.0023901462554931,0.0069169998168945,0.013890027999878,0,HONOR-60SE_1
3,0.1754679679870605,"1,2,2,2,1",0.1754679679870605,5.151948928833008,2.586978495121002,1,2,6,"1,2,2,2,1,2,3,3,4,5,6",0.0,4.601478576660156e-05,0.1463160514831543,0.1515359878540039,0.1570329666137695,0.1735329627990722,2,4,2,1,1,1,4.601478576660156e-05,0.1462700366973877,0.005219936370849609,0.005496978759765597,0.016499996185302707,1,HONOR-60SE_1
4,0.0202300548553466,"1,2,2,2",0.0202300548553466,5.002319097518921,5.002319097518921,0,0,4,"3,4,5,6,6",0.0,0.0,0.0,0.0040681362152099,0.0108101367950439,0.0183281898498535,0,0,1,1,1,2,0.0,0.0,0.0040681362152099,0.006742000579834,0.007518053054809598,0,HONOR-60SE_1
5,0.020737886428833,"1,2,2,2,1",0.020737886428833,12.388416051864624,17.371527552604675,0,0,4,"3,3,4,5,6,6,6",0.0,0.0,0.0,0.0028491020202636,0.0094530582427978,0.0167150497436523,0,0,2,1,1,3,0.0,0.0,0.0028491020202636,0.0066039562225342,0.007261991500854499,0,HONOR-60SE_1
6,0.0273208618164062,1,0.0273208618164062,9.314477920532228,15.948630571365356,0,0,4,"3,3,4,5,6,6",0.0,0.0,0.0,0.0033340454101562,0.0103018283843994,0.0232279300689697,0,0,2,1,1,2,0.0,0.0,0.0033340454101562,0.0069677829742432005,0.012926101684570299,0,HONOR-60SE_1
7,0.0241250991821289,"1,2,2,2,1",0.0241250991821289,6.234461069107056,11.278100788593292,0,0,4,"3,3,4,5,6,6,6",0.0,0.0,0.0,0.0025579929351806,0.0093810558319091,0.0197930335998535,0,0,2,1,1,3,0.0,0.0,0.0025579929351806,0.0068230628967285,0.010411977767944398,0,HONOR-60SE_1
8,0.0333528518676757,"1,2,2,2,1",0.0333528518676757,6.198917865753174,11.23580539226532,0,0,4,"3,3,4,5,6,6",0.0,0.0,0.0,0.0031328201293945,0.0100719928741455,0.0311579704284667,0,0,2,1,1,2,0.0,0.0,0.0031328201293945,0.006939172744750999,0.0210859775543212,0,HONOR-60SE_1
9,0.0305309295654296,"2,2",0.0305309295654296,6.088867902755737,19.61497124036153,0,0,4,"3,3,4,5,6,6",0.0,0.0,0.0,0.0028009414672851,0.0093898773193359,0.0254619121551513,0,0,2,1,1,2,0.0,0.0,0.0028009414672851,0.0065889358520507995,0.016072034835815402,0,HONOR-60SE_1
10,0.0202231407165527,"1,1",0.0202231407165527,6.223093986511231,11.253457844257355,0,0,4,"3,3,4,5,6,6",0.0,0.0,0.0,0.0035321712493896,0.0101079940795898,0.0179760456085205,0,0,2,1,1,2,0.0,0.0,0.0035321712493896,0.0065758228302002005,0.0078680515289307,0,HONOR-60SE_1
11,0.0282130241394042,"1,2,2,2,1",0.0282130241394042,9.25547695159912,14.29647672176361,0,0,4,"3,3,4,5,6,6,6",0.0,0.0,0.0,0.0038478374481201,0.0111708641052246,0.0226969718933105,0,0,2,1,1,3,0.0,0.0,0.0038478374481201,0.007323026657104501,0.011526107788085898,0,HONOR-60SE_1
12,0.0354421138763427,,0.0354421138763427,0.0,0.0,0,0,6,"1,2,2,3,3,4,5,6,6,6",0.0,0.0012071132659912,0.0022721290588378,0.0057859420776367,0.0123500823974609,0.0226690769195556,1,2,2,1,1,3,0.0012071132659912,0.0010650157928465999,0.0035138130187988997,0.0065641403198242,0.010318994522094702,0,HONOR-70_1
13,0.0337738990783691,"2,2,2,2,2",0.0337738990783691,5.782779932022095,0.0,0,0,6,"1,1,2,2,2,3,4,5,6,6,6",0.0,0.0010619163513183,0.0034220218658447,0.0059258937835693,0.0128240585327148,0.0159769058227539,2,3,1,1,1,3,0.0010619163513183,0.0023601055145264,0.0025038719177246003,0.0068981647491455,0.003152847290039099,0,HONOR-70_1
14,0.0390169620513916,"2,2,2,2,2,2",0.0390169620513916,5.62737512588501,0.0,0,0,6,"1,2,2,2,3,3,4,4,5,6,6,6",0.0,8.106231689453125e-06,0.0023779869079589,0.0048320293426513,0.0130989551544189,0.0304579734802246,1,3,2,2,1,3,8.106231689453125e-06,0.0023698806762694467,0.0024540424346924006,0.008266925811767599,0.0173590183258057,0,HONOR-70_1
15,0.0325479507446289,"2,2,2",0.0325479507446289,5.719035863876343,0.0,0,0,6,"1,2,3,2,2,3,4,5,6,6,6,6",0.0,0.0017688274383544,0.0017778873443603,0.0052428245544433,0.0120408535003662,0.0198500156402587,1,3,2,1,1,4,0.0017688274383544,9.059906005899924e-06,0.0034649372100830004,0.0067980289459229,0.007809162139892498,1,HONOR-70_1
16,0.0330159664154052,"2,2",0.0330159664154052,5.773015022277832,0.0,0,0,6,"1,2,2,3,3,4,5,6,6,6",0.0,5.0067901611328125e-06,0.0028290748596191,0.0058889389038085,0.012402057647705,0.0166819095611572,1,2,2,1,1,3,5.0067901611328125e-06,0.002824068069457967,0.0030598640441894,0.0065131187438965,0.004279851913452199,0,HONOR-70_1
17,0.0332660675048828,,0.0332660675048828,0.0,0.0,0,0,6,"1,2,2,3,3,4,5,6,6,6",0.0,0.0018379688262939,0.0029850006103515,0.0047190189361572,0.0126929283142089,0.015977144241333,1,2,2,1,1,3,0.0018379688262939,0.0011470317840576,0.0017340183258056996,0.007973909378051699,0.0032842159271241015,0,HONOR-70_1
18,0.0413300991058349,,0.0413300991058349,0.0,0.0,0,0,6,"1,2,2,2,3,3,3,3,3,4,3,5,6,6,6,6,6",0.0,8.106231689453125e-06,0.0026609897613525,0.0054500102996826,0.0121800899505615,0.0272009372711181,1,3,6,1,1,5,8.106231689453125e-06,0.002652883529663047,0.0027890205383301,0.006730079650878899,0.015020847320556602,1,HONOR-70_1
19,0.0408549308776855,,0.0408549308776855,0.0,0.0,0,0,6,"1,2,2,2,3,3,4,4,5,6,6,6",0.0,1.9073486328125e-06,0.0027880668640136,0.0059969425201416,0.012502908706665,0.0308649539947509,1,3,2,2,1,3,1.9073486328125e-06,0.0027861595153807874,0.003208875656128,0.006505966186523399,0.018362045288085903,0,HONOR-70_1
20,0.0326449871063232,,0.0326449871063232,0.0,0.0,0,0,6,"1,2,3,2,2,3,4,4,5,6,6,6",0.0,6.9141387939453125e-06,9.059906005859377e-06,0.0043330192565917,0.0111138820648193,0.0176498889923095,1,3,2,2,1,3,6.9141387939453125e-06,2.145767211914064e-06,0.00432395935058584,0.0067808628082276,0.006536006927490201,1,HONOR-70_1
21,0.0457220077514648,,0.0457220077514648,0.0,0.0,0,0,6,"1,2,2,2,3,3,3,3,3,3,3,3,4,5,6,6,6",0.0,6.9141387939453125e-06,0.0030429363250732,0.008915901184082,0.0157690048217773,0.0366308689117431,1,3,8,1,1,3,6.9141387939453125e-06,0.003036022186279255,0.0058729648590087995,0.006853103637695299,0.020861864089965803,0,HONOR-70_1
22,0.0317878723144531,,0.0317878723144531,0.0,0.0,0,0,6,"1,1,1,1,2,2,2,3,3,4,5,6,6",0.0,0.003180980682373,0.0045859813690185,0.0076119899749755,0.0148608684539794,0.0178029537200927,4,3,2,1,1,2,0.003180980682373,0.0014050006866455,0.003026008605957,0.0072488784790039,0.0029420852661133003,0,HONOR-70_1
23,0.0377309322357177,,0.0377309322357177,0.0,0.0,0,0,6,"1,2,2,2,3,3,3,4,5,6,6,6",0.0,9.5367431640625e-07,0.0030379295349121,0.0058429241180419,0.01320481300354,0.0244448184967041,1,3,3,1,1,3,9.5367431640625e-07,0.0030369758605956936,0.0028049945831298004,0.007361888885498099,0.011240005493164102,0,HONOR-70_1
24,0.0405170917510986,,0.0405170917510986,0.0,0.0,0,0,6,"1,2,2,2,3,3,4,5,6,6,6",0.0,9.059906005859377e-06,0.0030689239501953,0.005436897277832,0.0120229721069335,0.0300960540771484,1,3,2,1,1,3,9.059906005859377e-06,0.0030598640441894405,0.0023679733276367,0.0065860748291015,0.0180730819702149,0,HONOR-70_1
25,0.0354580879211425,,0.0354580879211425,0.0,0.0,0,0,6,"1,2,2,2,3,3,4,5,6,6,6",0.0,9.059906005859377e-06,0.0030200481414794,0.0053131580352783,0.0119881629943847,0.0260760784149169,1,3,2,1,1,3,9.059906005859377e-06,0.0030109882354735404,0.0022931098937989005,0.006675004959106399,0.014087915420532199,0,HONOR-70_1
26,0.0334298610687255,,0.0334298610687255,0.0,0.0,0,0,6,"1,2,2,3,3,4,5,6",0.0,0.0012428760528564,0.0021979808807373,0.0059788227081298,0.0132558345794677,0.0315527915954589,1,2,2,1,1,1,0.0012428760528564,0.0009551048278808999,0.0037808418273925005,0.0072770118713379,0.0182969570159912,0,HONOR-70_1
27,0.0387148857116699,,0.0387148857116699,0.0,0.0,0,0,6,"1,2,3,3,4,5,6,6,6,6",0.0,8.821487426757812e-06,0.0017368793487548,0.0049598217010498,0.0113840103149414,0.0256040096282959,1,1,2,1,1,4,8.821487426757812e-06,0.0017280578613280422,0.0032229423522950004,0.006424188613891599,0.014219999313354499,0,HONOR-70_1
28,0.0373718738555908,,0.0373718738555908,0.0,0.0,0,0,6,"1,2,2,2,3,3,4,5,6,6,6",0.0,0.0012438297271728,0.0033907890319824,0.0058679580688476,0.0122928619384765,0.0292069911956787,1,3,2,1,1,3,0.0012438297271728,0.0021469593048096002,0.0024771690368651997,0.0064249038696289,0.0169141292572022,0,HONOR-70_1
29,0.0389559268951416,,0.0389559268951416,0.0,0.0,0,0,6,"1,2,2,2,3,3,4,5,6,6",0.0,8.821487426757812e-06,0.0022718906402587,0.005120038986206,0.0113749504089355,0.0293939113616943,1,3,2,1,1,2,8.821487426757812e-06,0.0022630691528319423,0.0028481483459473,0.0062549114227295,0.018018960952758803,0,HONOR-70_1
30,0.0357038974761962,,0.0357038974761962,0.0,0.0,0,0,6,"1,2,2,2,3,3,3,3,3,3,3,3,3,4,5,6,6,6",0.0,0.0011639595031738,0.0036399364471435,0.0086920261383056,0.015596866607666,0.0223748683929443,1,3,9,1,1,3,0.0011639595031738,0.0024759769439697,0.0050520896911621,0.0069048404693604,0.006778001785278301,0,HONOR-70_1
31,0.029707908630371,,0.029707908630371,0.0,0.0,0,0,6,"1,2,2,2,3,3,4,5,6",0.0,9.059906005859377e-06,0.0021910667419433,0.0045850276947021,0.0131239891052246,0.0149919986724853,1,3,2,1,1,1,9.059906005859377e-06,0.0021820068359374406,0.0023939609527588,0.0085389614105225,0.0018680095672606988,0,HONOR-70_1
32,0.0297009944915771,"1,2,2,2,1,2,2",0.0297009944915771,6.2871739864349365,11.333625733852386,0,0,4,"3,4,5,6,6,6,6,6",0.0,0.0,0.0,0.004655122756958,0.0117290019989013,0.0235040187835693,0,0,1,1,1,5,0.0,0.0,0.004655122756958,0.0070738792419432995,0.011775016784668002,0,HONOR-80_SE_1
33,0.1592609882354736,"1,2,2,1",0.1592609882354736,5.146152973175049,2.584283471107483,1,2,6,"1,2,2,2,1,2,2,2,3,3,4,5,6,6,6,6,6",0.0,2.193450927734375e-05,0.1308851242065429,0.133862018585205,0.1404061317443847,0.1466450691223144,2,6,2,1,1,5,2.193450927734375e-05,0.13086318969726557,0.0029768943786620816,0.006544113159179715,0.0062389373779296875,1,HONOR-80_SE_1
34,0.0285871028900146,"2,1,2,2,2",0.0285871028900146,99.00402808189392,99.02489018440248,0,0,4,"3,3,4,5,6,6,6",0.0,0.0,0.0,0.0046260356903076,0.010869026184082,0.0154361724853515,0,0,2,1,1,3,0.0,0.0,0.0046260356903076,0.0062429904937744,0.0045671463012695,0,HONOR-80_SE_1
35,0.0359070301055908,,0.0359070301055908,0.0,0.0,0,0,4,"3,3,4,4,4,4,4,5,6,6,6",0.0,0.0,0.0,0.0045540332794189,0.0128149986267089,0.0278999805450439,0,0,2,5,1,3,0.0,0.0,0.0045540332794189,0.00826096534729,0.015084981918335,0,HONOR-80_SE_1
36,0.0263431072235107,"1,2,2,2,1,2,2,2",0.0263431072235107,6.377073049545288,6.389286041259766,0,0,4,"3,3,4,5,5,6,6",0.0,0.0,0.0,0.0050580501556396,0.0112590789794921,0.0215630531311035,0,0,2,1,2,2,0.0,0.0,0.0050580501556396,0.006201028823852501,0.010303974151611398,0,HONOR-80_SE_1
37,0.0332710742950439,,0.0332710742950439,0.0,0.0,0,0,4,"3,3,4,5,6,6",0.0,0.0,0.0,0.0040969848632812,0.0107119083404541,0.0300419330596923,0,0,2,1,1,2,0.0,0.0,0.0040969848632812,0.0066149234771729,0.019330024719238198,0,HONOR-80_SE_1
38,0.0501551628112793,"1,2,2,2,1,2,2,2",0.0501551628112793,6.325400114059448,11.404414892196655,0,0,4,"3,3,4,4,4,4,5,6,6,6,6,6,6,6,6",0.0,0.0,0.0,0.0048520565032958,0.0126540660858154,0.0407080650329589,0,0,2,4,1,8,0.0,0.0,0.0048520565032958,0.0078020095825196,0.0280539989471435,0,HONOR-80_SE_1
39,0.031592845916748,"1,1",0.031592845916748,6.426492929458618,11.39636367559433,0,0,4,"3,3,4,5,6,6,6,6",0.0,0.0,0.0,0.0028088092803955,0.0105588436126708,0.0252549648284912,0,0,2,1,1,4,0.0,0.0,0.0028088092803955,0.0077500343322752996,0.014696121215820401,0,HONOR-80_SE_1
40,0.0284159183502197,"1,2,2,2,1,2,2,2",0.0284159183502197,6.165825843811035,6.1768639087677,0,0,4,"3,4,5,6,6,6",0.0,0.0,0.0,0.0041978359222412,0.0111968517303466,0.023256778717041,0,0,1,1,1,3,0.0,0.0,0.0041978359222412,0.0069990158081054,0.012059926986694398,0,HONOR-80_SE_1
41,0.0289299488067626,"1,2,2,2,1,2,2,2",0.0289299488067626,6.297753810882568,6.308668851852417,0,0,4,"3,3,4,5,6,6",0.0,0.0,0.0,0.0038669109344482,0.0097479820251464,0.0259130001068115,0,0,2,1,1,2,0.0,0.0,0.0038669109344482,0.005881071090698199,0.0161650180816651,0,HONOR-80_SE_1
42,0.025094985961914,"1,2,2",0.025094985961914,6.310104846954346,6.310104846954346,0,0,3,"4,5,6,6,6",0.0,0.0,0.0,0.0,0.00608491897583,0.0130250453948974,0,0,0,1,1,3,0.0,0.0,0.0,0.00608491897583,0.0069401264190674,0,HONOR-80_SE_1
43,0.0224089622497558,"1,2,1",0.0224089622497558,5.016875982284546,15.89157752195994,0,0,4,"3,3,4,4,5,6,6,6",0.0,0.0,0.0,0.0039710998535156,0.0103130340576171,0.0135960578918457,0,0,2,2,1,3,0.0,0.0,0.0039710998535156,0.006341934204101501,0.003283023834228599,0,HONOR-80_SE_1
44,0.026310920715332,"1,2,2,1,2,2,2",0.026310920715332,3.975379943847656,3.986795425415039,0,0,2,"4,6",0.0,0.0,0.0,0.0,0.0,0.0250539779663085,0,0,0,1,0,1,0.0,0.0,0.0,0.0,0.0250539779663085,0,HONOR-80_SE_2
45,0.0216631889343261,"1,2,2,2,1",0.0216631889343261,3.926586151123047,3.9380221366882324,0,0,4,"3,3,4,5,6,6,6",0.0,0.0,0.0,0.0030720233917236,0.0093040466308593,0.0165860652923584,0,0,2,1,1,3,0.0,0.0,0.0030720233917236,0.0062320232391357006,0.007282018661499098,0,HONOR-80_SE_2
46,0.0207550525665283,"1,1,2,2,2",0.0207550525665283,3.83219313621521,3.8430986404418945,0,0,4,"3,3,4,5,6,6,6",0.0,0.0,0.0,0.0023870468139648,0.0088810920715332,0.0150821208953857,0,0,2,1,1,3,0.0,0.0,0.0023870468139648,0.006494045257568399,0.006201028823852501,0,HONOR-80_SE_2
47,0.0228610038757324,,0.0228610038757324,0.0,0.0,0,0,4,"3,3,4,5,6,6,6",0.0,0.0,0.0,0.0023469924926757,0.0088589191436767,0.0166668891906738,0,0,2,1,1,3,0.0,0.0,0.0023469924926757,0.006511926651001001,0.0078079700469971,0,HONOR-80_SE_2
48,0.0286548137664794,"1,2,2,2,1,2,2,2",0.0286548137664794,3.734794855117798,3.7470673322677612,0,0,4,"3,3,4,5,6,6,6",0.0,0.0,0.0,0.0024337768554687,0.0087029933929443,0.0217080116271972,0,0,2,1,1,3,0.0,0.0,0.0024337768554687,0.0062692165374756,0.0130050182342529,0,HONOR-80_SE_2
49,0.0226249694824218,"1,1,2,2",0.0226249694824218,6.866554021835327,11.80299597978592,0,0,4,"3,3,4,5,6,6,6",0.0,0.0,0.0,0.0026280879974365,0.0085079669952392,0.0168120861053466,0,0,2,1,1,3,0.0,0.0,0.0026280879974365,0.0058798789978027005,0.0083041191101074,0,HONOR-80_SE_2
50,0.0287530422210693,"1,1,2,2,2",0.0287530422210693,6.837985992431641,6.848955035209656,0,0,4,"3,3,4,5,6,6,6,6",0.0,0.0,0.0,0.0026659965515136,0.0094211101531982,0.0220420360565185,0,0,2,1,1,4,0.0,0.0,0.0026659965515136,0.006755113601684601,0.012620925903320299,0,HONOR-80_SE_2
51,0.0299279689788818,"1,2,2,1,2,2,2",0.0299279689788818,3.830595016479492,3.8418514728546143,0,0,4,"3,3,4,5,6,6,6",0.0,0.0,0.0,0.0031569004058837,0.0096559524536132,0.0239489078521728,0,0,2,1,1,3,0.0,0.0,0.0031569004058837,0.006499052047729499,0.0142929553985596,0,HONOR-80_SE_2
52,0.0493078231811523,"2,2,2",0.0493078231811523,0.4100790023803711,0.0,0,0,6,"1,1,1,3,2,2,2,3,4,5,6,6,6,6,6,6",0.0,0.0030047893524169,0.0009279251098632,0.006908893585205,0.0148618221282958,0.0228238105773925,3,3,2,1,1,6,0.0030047893524169,-0.0020768642425536997,0.0059809684753418,0.0079529285430908,0.007961988449096699,1,HUAWEI-mate40pro
53,0.040982961654663,"2,2,2,2,2",0.040982961654663,0.3794958591461181,0.0,0,0,6,"1,1,1,3,2,3,2,2,3,4,5,6,6,6,6",0.0,0.0008769035339355,0.000870943069458,0.005415916442871,0.012002944946289,0.0308799743652343,3,3,3,1,1,4,0.0008769035339355,-5.960464477500031e-06,0.004544973373413,0.006587028503418,0.0188770294189453,2,HUAWEI-mate40pro
54,0.03973388671875,"2,2",0.03973388671875,0.4484460353851318,0.0,0,0,6,"1,2,2,3,2,3,4,5,6,6,6",0.0,2.5987625122070312e-05,0.0015029907226562,0.005098819732666,0.0116920471191406,0.0237908363342285,1,3,2,1,1,3,2.5987625122070312e-05,0.0014770030975341296,0.0035958290100098003,0.006593227386474601,0.012098789215087898,1,HUAWEI-mate40pro
55,0.0396208763122558,"2,2,2",0.0396208763122558,0.3509168624877929,0.0,0,0,6,"1,2,2,3,2,3,4,5,6,6,6",0.0,2.5987625122070312e-05,0.001039981842041,0.0042569637298583,0.0106680393218994,0.0236768722534179,1,3,2,1,1,3,2.5987625122070312e-05,0.0010139942169189297,0.0032169818878173004,0.0064110755920411,0.0130088329315185,1,HUAWEI-mate40pro
56,0.0402820110321044,"2,2,2",0.0402820110321044,0.3907990455627441,0.0,0,0,6,"1,2,2,3,3,4,5,6,6,6",0.0,2.288818359375e-05,0.0011048316955566,0.0052130222320556,0.011786937713623,0.0250470638275146,1,2,2,1,1,3,2.288818359375e-05,0.00108194351196285,0.004108190536499,0.0065739154815674,0.0132601261138916,0,HUAWEI-mate40pro
57,0.0395400524139404,"2,2,2,2,2",0.0395400524139404,0.4257960319519043,0.0,0,0,5,"1,2,2,3,2,3,5,6,6,6",0.0,2.5987625122070312e-05,0.0011558532714843,0.0,0.0106940269470214,0.0197799205780029,1,3,2,0,1,3,2.5987625122070312e-05,0.0011298656463622297,-0.0011558532714843,0.0106940269470214,0.009085893630981499,1,HUAWEI-mate40pro
58,0.0410659313201904,"2,2",0.0410659313201904,1.6733109951019287,0.0,0,0,6,"1,2,2,3,2,4,5,6,6,6",0.0,2.193450927734375e-05,0.0014040470123291,0.0048530101776123,0.0111479759216308,0.0203580856323242,1,3,1,1,1,3,2.193450927734375e-05,0.0013821125030517563,0.0034489631652832005,0.0062949657440185,0.009210109710693401,1,HUAWEI-mate40pro
59,0.0375199317932128,"2,2,2",0.0375199317932128,0.3948299884796142,0.0,0,0,6,"1,2,3,3,3,2,3,2,3,4,5,6,6,6",0.0,2.384185791015625e-05,0.0008058547973632,0.0050230026245117,0.0118448734283447,0.0138299465179443,1,3,5,1,1,3,2.384185791015625e-05,0.0007820129394530438,0.0042171478271485,0.006821870803833001,0.001985073089599599,2,HUAWEI-mate40pro
60,0.0616240501403808,"2,2,2",0.0616240501403808,0.4051439762115478,0.0,0,0,6,"1,2,2,3,2,3,4,5,6,6,6",0.0,2.288818359375e-05,0.0014779567718505,0.0037150382995605,0.010977029800415,0.0327370166778564,1,3,2,1,1,3,2.288818359375e-05,0.00145506858825675,0.00223708152771,0.007261991500854499,0.0217599868774414,1,HUAWEI-mate40pro
61,0.0402708053588867,"2,2,2,2,2,2",0.0402708053588867,0.4130318164825439,0.0,0,0,5,"1,1,2,3,2,2,3,4,6,6,6,6",0.0,3.695487976074219e-05,0.0009407997131347,0.0052030086517333,0.0,0.0149409770965576,2,3,2,1,0,4,3.695487976074219e-05,0.0009038448333739578,0.004262208938598601,-0.0052030086517333,0.0149409770965576,1,HUAWEI-mate40pro
62,0.0413699150085449,"2,2,2,2,2,2",0.0413699150085449,0.3944628238677978,0.0,0,0,6,"1,2,3,2,3,4,5,6,6,6",0.0,0.0012259483337402,0.0012497901916503,0.0042119026184082,0.0112459659576416,0.027613878250122,1,2,2,1,1,3,0.0012259483337402,2.384185791010009e-05,0.0029621124267578997,0.0070340633392334,0.0163679122924804,1,HUAWEI-mate40pro
63,0.0394909381866455,"2,2,2,2,2,2",0.0394909381866455,0.4362530708312988,0.0,0,0,6,"1,2,2,3,3,4,5,6,6,6",0.0,2.288818359375e-05,0.0012788772583007,0.0052640438079833,0.0118250846862792,0.0227010250091552,1,2,2,1,1,3,2.288818359375e-05,0.00125598907470695,0.003985166549682601,0.006561040878295899,0.010875940322876,0,HUAWEI-mate40pro
64,0.1610529422760009,"1,2,2,2,1,2,2,2",0.1610529422760009,1.7533929347991943,6.906756043434143,0,0,5,"3,2,2,3,4,5,6,6",0.0,0.0292890071868896,0.0,0.0456271171569824,0.0631170272827148,0.1541860103607177,0,2,2,1,1,2,0.0292890071868896,-0.0292890071868896,0.0456271171569824,0.0174899101257324,0.09106898307800289,1,HUAWEI-mate50pro
65,0.0708351135253906,"1,2,2,2",0.0708351135253906,1.546670913696289,8.496467034022013,0,0,6,"1,2,1,2,2,3,3,4,5,6,6,6,6,6",0.0,5.793571472167969e-05,0.0059130191802978,0.0102970600128173,0.0182709693908691,0.0305390357971191,2,3,2,1,1,5,5.793571472167969e-05,0.005855083465576121,0.004384040832519499,0.0079739093780518,0.01226806640625,1,HUAWEI-mate50pro
66,0.2010631561279297,"1,2,2,2,1,2,2,2",0.2010631561279297,1.7652111053466797,7.00855952501297,0,0,6,"1,3,2,2,2,3,4,5,6,6,6,6",0.0,0.0305020809173584,0.0021560192108154,0.0448119640350341,0.0725159645080566,0.1752259731292724,1,3,2,1,1,4,0.0305020809173584,-0.028346061706542997,0.0426559448242187,0.027704000473022496,0.1027100086212158,1,HUAWEI-mate50pro
67,0.0621359348297119,"1,2,2,2,1,2",0.0621359348297119,2.0037310123443604,7.124748408794403,0,0,6,"1,2,2,2,3,3,4,5,6,6,6",0.0,2.694129943847656e-05,0.0058579444885253,0.0097918510437011,0.0164690017700195,0.020737886428833,1,3,2,1,1,3,2.694129943847656e-05,0.005831003189086824,0.0039339065551758,0.006677150726318399,0.004268884658813501,0,HUAWEI-mate50pro
68,0.0760998725891113,"2,1,2,2,2",0.0760998725891113,1.4893670082092283,8.438145637512207,0,0,5,"1,2,3,3,5,6,6,6,6",0.0,0.0035269260406494,0.0114409923553466,0.0,0.0222640037536621,0.0389699935913085,1,1,2,0,1,4,0.0035269260406494,0.0079140663146972,-0.0114409923553466,0.0222640037536621,0.016705989837646398,0,HUAWEI-mate50pro
69,0.0657949447631836,"1,2,2,2,1,2,2,2",0.0657949447631836,1.532784938812256,1.5424529314041138,0,0,6,"1,1,1,2,2,3,4,5,6",0.0,0.0026049613952636,0.008599042892456,0.0117979049682617,0.0196230411529541,0.0551700592041015,3,2,1,1,1,1,0.0026049613952636,0.005994081497192399,0.0031988620758057005,0.007825136184692402,0.0355470180511474,0,HUAWEI-mate50pro
70,0.0634770393371582,"1,2,2,2,1,2,2",0.0634770393371582,1.654695987701416,6.885068833827972,0,0,6,"1,2,2,2,3,3,4,5,6,6,6",0.0,2.5987625122070312e-05,0.0078489780426025,0.01214599609375,0.0186750888824462,0.0294051170349121,1,3,2,1,1,3,2.5987625122070312e-05,0.007822990417480429,0.004297018051147501,0.006529092788696199,0.0107300281524659,0,HUAWEI-mate50pro
71,0.0654621124267578,"1,2,2,2,1",0.0654621124267578,1.8598721027374268,6.977004528045654,0,0,5,"1,2,2,2,3,3,4,4,6,6,6",0.0,2.5033950805664062e-05,0.0061480998992919,0.0084450244903564,0.0,0.0241100788116455,1,3,2,2,0,3,2.5033950805664062e-05,0.006123065948486236,0.0022969245910645,-0.0084450244903564,0.0241100788116455,0,HUAWEI-mate50pro
72,0.1552200317382812,"1,2,2,2,1,2,2,2",0.1552200317382812,1.8249199390411377,6.885017931461334,0,0,6,"1,3,2,2,2,3,4,5,6,6,6",0.0,0.0430600643157959,0.015273094177246,0.0569598674774169,0.0721909999847412,0.127608060836792,1,3,2,1,1,3,0.0430600643157959,-0.0277869701385499,0.0416867733001709,0.015231132507324295,0.055417060852050795,1,HUAWEI-mate50pro
73,0.1205759048461914,"1,2,2,2,1,2,2,2",0.1205759048461914,1.8159558773040767,6.995548188686371,0,0,6,"1,3,2,2,2,3,4,5,6,6",0.0,0.041841983795166,0.0132520198822021,0.0573470592498779,0.0685930252075195,0.0916268825531005,1,3,2,1,1,2,0.041841983795166,-0.028589963912963902,0.0440950393676758,0.011245965957641602,0.023033857345581,1,HUAWEI-mate50pro
74,0.196451187133789,"1,2,2",0.196451187133789,0.9341821670532228,0.31807438532511395,1,2,6,"1,2,2,2,1,2,2,1,3,2,2,3,4,5,6,6",0.0,3.409385681152344e-05,0.1598870754241943,0.1630442142486572,0.1697461605072021,0.1922371387481689,3,7,2,1,1,2,3.409385681152344e-05,0.15985298156738278,0.0031571388244628906,0.006701946258544894,0.022490978240966797,3,HUAWEI-mate60pro
75,0.2229020595550537,"1,2,2,2",0.2229020595550537,1.011112928390503,0.5055564641952515,1,1,6,"1,2,2,2,1,1,1,1,1,1,1,3,2,2,2,3,4,5,6,6,6,6",0.0,2.5987625122070312e-05,0.1801209449768066,0.1872689723968505,0.194350004196167,0.2131130695343017,8,6,2,1,1,4,2.5987625122070312e-05,0.18009495735168454,0.00714802742004389,0.0070810317993164895,0.01876306533813471,2,HUAWEI-mate60pro
76,0.2106599807739257,"1,2,2",0.2106599807739257,0.9357750415802002,2.7340660095214844,1,2,6,"1,2,1,2,2,2,1,2,3,2,2,3,4,5,6,6",0.0,0.0019710063934326,0.1752030849456787,0.1788721084594726,0.1858999729156494,0.2078320980072021,3,7,2,1,1,2,0.0019710063934326,0.17323207855224612,0.00366902351379389,0.007027864456176786,0.021932125091552707,3,HUAWEI-mate60pro
77,0.1996028423309326,"1,2,2",0.1996028423309326,0.9335818290710448,0.31802956263224275,1,2,5,"1,2,2,2,1,2,2,1,2,3,3,5,6,6,6",0.0,2.002716064453125e-05,0.1636099815368652,0.0,0.1718878746032714,0.1805870532989502,3,6,2,0,1,3,2.002716064453125e-05,0.16358995437622068,-0.1636099815368652,0.1718878746032714,0.008699178695678794,2,HUAWEI-mate60pro
78,0.2187490463256836,"1,2,2,2",0.2187490463256836,1.0111651420593262,2.7566312551498418,1,2,5,"1,2,2,1,2,2,2,1,2,3,2,2,3,5,6",0.0,3.1948089599609375e-05,0.1865410804748535,0.0,0.1968080997467041,0.2013380527496338,3,8,2,0,1,1,3.1948089599609375e-05,0.18650913238525388,-0.1865410804748535,0.1968080997467041,0.0045299530029296875,3,HUAWEI-mate60pro
79,0.2210941314697265,"1,2,2",0.2210941314697265,0.9764449596405028,5.471981525421143,0,0,6,"2,2,1,2,3,2,2,3,4,5,6,6,6",0.185953140258789,0.0,0.1859900951385498,0.1899240016937255,0.1966509819030761,0.2054841518402099,1,5,2,1,1,3,-0.185953140258789,0.1859900951385498,0.003933906555175698,0.006726980209350586,0.008833169937133817,2,HUAWEI-mate60pro
80,0.1796450614929199,"1,2,2,2",0.1796450614929199,9.983598947525024,3.3346973260243735,1,2,6,"1,2,2,2,1,2,2,1,3,2,2,4,5,6,6,6",0.0,0.001033067703247,0.1460230350494384,0.149817943572998,0.1560659408569336,0.1725749969482422,3,7,1,1,1,3,0.001033067703247,0.1449899673461914,0.003794908523559598,0.006247997283935602,0.016509056091308594,3,HUAWEI-mate60pro
81,0.2117390632629394,"1,2,2,2",0.2117390632629394,0.97284197807312,0.4960914850234985,1,1,6,"2,2,1,2,2,2,1,2,2,3,3,3,4,5,6,6,6",0.0193409919738769,0.0,0.1750938892364502,0.1775028705596923,0.1844279766082763,0.199765920639038,2,7,3,1,1,3,-0.0193409919738769,0.1750938892364502,0.0024089813232421042,0.006925106048584012,0.015337944030761691,2,HUAWEI-mate60pro
82,0.207338809967041,"1,2,2,2",0.207338809967041,0.969228982925415,0.4945778846740722,1,1,6,"2,2,2,1,2,2,2,3,2,2,4,5,6,6,6",0.0199267864227294,0.0,0.1688358783721923,0.1737418174743652,0.1800799369812011,0.1921048164367675,1,8,1,1,1,3,-0.0199267864227294,0.1688358783721923,0.004905939102172907,0.006338119506835882,0.012024879455566406,2,HUAWEI-mate60pro
83,0.2360949516296386,"1,2,2,2",0.2360949516296386,1.0130760669708252,2.751332461833954,1,2,5,"1,2,1,2,2,2,1,2,2,2,3,3,5,6",0.0,0.0017709732055664,0.1989150047302246,0.0,0.206683874130249,0.2326340675354004,3,7,2,0,1,1,0.0017709732055664,0.1971440315246582,-0.1989150047302246,0.206683874130249,0.025950193405151395,2,HUAWEI-mate60pro
84,0.231705904006958,"1,2,2",0.231705904006958,1.026336908340454,3.676739613215128,1,1,6,"2,2,1,2,2,1,2,3,3,3,4,5,6,6",0.0194170475006103,0.0,0.1974830627441406,0.2003750801086425,0.2071421146392822,0.2226569652557373,2,5,3,1,1,2,-0.0194170475006103,0.1974830627441406,0.0028920173645018976,0.006767034530639704,0.015514850616455106,2,HUAWEI-mate60pro
85,0.1989929676055908,"2,2,2",0.1989929676055908,0.9616620540618896,3.335587978363037,1,2,6,"1,2,2,1,2,2,1,2,3,2,2,3,4,5,6",0.0,0.0010099411010742,0.1609370708465576,0.1636960506439209,0.1710550785064697,0.1735949516296386,3,7,2,1,1,1,0.0010099411010742,0.1599271297454834,0.002758979797363309,0.0073590278625488,0.00253987312316889,3,HUAWEI-mate60pro
86,0.0342271327972412,,0.0342271327972412,0.0,0.0,0,0,5,"1,2,2,3,3,5,6,6,6",0.0,2.9087066650390625e-05,0.0014340877532958,0.0,0.009031057357788,0.0239119529724121,1,2,2,0,1,3,2.9087066650390625e-05,0.0014050006866454094,-0.0014340877532958,0.009031057357788,0.0148808956146241,0,HUAWEI-MateBook
87,0.0324828624725341,,0.0324828624725341,0.0,0.0,0,0,6,"1,2,3,3,4,5,6,6",0.0,0.0015130043029785,0.001533031463623,0.0028038024902343,0.0121169090270996,0.0301008224487304,1,1,2,1,1,2,0.0015130043029785,2.0027160644500025e-05,0.0012707710266113,0.0093131065368653,0.017983913421630797,0,HUAWEI-MateBook
88,0.0222868919372558,,0.0222868919372558,0.0,0.0,0,0,6,"1,2,2,3,2,3,4,5,6,6,6",0.0,2.789497375488281e-05,0.0011630058288574,0.0021438598632812,0.009070873260498,0.0191068649291992,1,3,2,1,1,3,2.789497375488281e-05,0.0011351108551025172,0.0009808540344238002,0.0069270133972168,0.010035991668701201,1,HUAWEI-MateBook
89,0.0233869552612304,,0.0233869552612304,0.0,0.0,0,0,3,"1,5,6,6,6",0.0,0.0,0.0,0.0,0.0091118812561035,0.01664400100708,1,0,0,0,1,3,0.0,0.0,0.0,0.0091118812561035,0.007532119750976498,0,HUAWEI-MateBook
90,0.0306618213653564,,0.0306618213653564,0.0,0.0,0,0,6,"1,2,2,3,3,4,5,6",0.0,1.883506774902344e-05,0.0025439262390136,0.0035789012908935,0.0093498229980468,0.0244059562683105,1,2,2,1,1,1,1.883506774902344e-05,0.0025250911712645764,0.0010349750518799002,0.0057709217071533,0.015056133270263698,0,HUAWEI-MateBook
91,0.0282409191131591,,0.0282409191131591,0.0,0.0,0,0,6,"1,2,2,3,2,3,4,5,6,6,6,6",0.0,3.0040740966796875e-05,0.0015280246734619,0.0024878978729248,0.0096609592437744,0.0256249904632568,1,3,2,1,1,4,3.0040740966796875e-05,0.001497983932495103,0.0009598731994629,0.007173061370849601,0.0159640312194824,1,HUAWEI-MateBook
92,0.0255517959594726,,0.0255517959594726,0.0,0.0,0,0,6,"1,2,2,2,3,3,4,5,6,6",0.0,0.0015008449554443,0.0029919147491455,0.003835916519165,0.0104730129241943,0.0237889289855957,1,3,2,1,1,2,0.0015008449554443,0.0014910697937012,0.0008440017700195,0.0066370964050292995,0.0133159160614014,0,HUAWEI-MateBook
93,0.0197739601135253,,0.0197739601135253,0.0,0.0,0,0,3,"2,3,3,6,6,6",0.0,0.0,0.0009169578552246,0.0,0.0,0.0153160095214843,0,1,2,0,0,3,0.0,0.0009169578552246,-0.0009169578552246,0.0,0.0153160095214843,0,HUAWEI-MateBook
94,0.0306000709533691,,0.0306000709533691,0.0,0.0,0,0,5,"1,3,2,2,4,6,6,6",0.0,0.0012259483337402,1.4066696166992188e-05,0.0032670497894287,0.0,0.0272049903869628,1,2,1,1,0,3,0.0012259483337402,-0.0012118816375732077,0.003252983093261708,-0.0032670497894287,0.0272049903869628,1,HUAWEI-MateBook
95,16.619173049926758,,16.619173049926758,0.0,0.0,0,0,5,"1,2,2,3,3,3,3,3,3,3,4,6,6,6,1,2,3,3,6,6,6",0.0,0.0015358924865722,0.0015759468078613,0.0037119388580322,0.0,0.0209600925445556,2,3,9,1,0,6,0.0015358924865722,4.0054321289100013e-05,0.0021359920501709,-0.0037119388580322,0.0209600925445556,1,HUAWEI-MateBook
96,0.8131811618804932,,0.8131811618804932,0.0,0.0248150825500488,1,2,6,"1,2,2,1,2,2,2,1,1,2,2,3,3,3,4,5,6,6,6,6",0.0,2.2172927856445312e-05,0.7961981296539307,0.7970452308654785,0.8044462203979492,0.8066380023956299,4,7,3,1,1,4,2.2172927856445312e-05,0.7961759567260742,0.0008471012115478516,0.007400989532470703,0.002191781997680664,2,HUAWEI-MateBook
97,0.0299339294433593,,0.0299339294433593,0.0,0.0,0,0,6,"1,2,2,3,4,5,6,6",0.0,0.0014209747314453,0.0023829936981201,0.0024139881134033,0.0100619792938232,0.0265939235687255,1,2,1,1,1,2,0.0014209747314453,0.0009620189666747999,3.099441528320009e-05,0.007647991180419901,0.0165319442749023,0,HUAWEI-MateBook
98,0.0352048873901367,"1,2,2,2,1,2,2,2,1,2,2,2,1,2,2,2",0.0352048873901367,2.1014280319213867,1.7848179817199707,1,1,4,"1,2,2,2,3,5",0.0,0.0012400150299072,0.0208039283752441,0.0,0.0294559001922607,0.0,1,3,1,0,1,0,0.0012400150299072,0.0195639133453369,-0.0208039283752441,0.0294559001922607,-0.0294559001922607,0,IPAD-11air
99,0.0426111221313476,"1,2,2,1,2,2,1,2,2,2,1,2,2,2",0.0426111221313476,2.083677053451538,1.7379088878631592,1,1,6,"1,2,2,2,3,4,5,6,6,6",0.0,3.600120544433594e-05,0.019374132156372,0.0217151641845703,0.0289762020111084,0.0372371673583984,1,3,1,1,1,3,3.600120544433594e-05,0.019338130950927665,0.0023410320281982977,0.0072610378265381,0.008260965347290004,0,IPAD-11air
100,0.0577800273895263,"2,2,2,1",0.0577800273895263,2.1050779819488525,1.080049991607666,1,1,6,"1,2,2,3,3,4,5,6,6,6,6",0.0,0.0012409687042236,0.0204370021820068,0.0220580101013183,0.0285630226135253,0.0415050983428955,1,2,2,1,1,4,0.0012409687042236,0.0191960334777832,0.0016210079193114992,0.006505012512207,0.0129420757293702,0,IPAD-11air
101,0.0472288131713867,"1,2,2,2,1,2,2,2",0.0472288131713867,2.087500810623169,1.4100786050160725,1,1,5,"1,2,2,2,3,3,4,6,6,6,6",0.0,2.5987625122070312e-05,0.0213208198547363,0.0223579406738281,0.0,0.0434298515319824,1,3,2,1,0,4,2.5987625122070312e-05,0.02129483222961423,0.0010371208190918003,-0.0223579406738281,0.0434298515319824,0,IPAD-11air
102,0.0426650047302246,"1,2,2,2,2,2,1,2,2,1,2,2",0.0426650047302246,2.0953569412231445,1.758192002773285,1,1,6,"1,2,2,2,3,3,4,5,6,6,6",0.0,3.695487976074219e-05,0.0199251174926757,0.0225489139556884,0.0280849933624267,0.035614013671875,1,3,2,1,1,3,3.695487976074219e-05,0.01988816261291496,0.0026237964630126988,0.005536079406738299,0.007529020309448301,0,IPAD-11air
103,0.0552971363067626,"1,2,2,2,1,2,2,2,1,2,2,2,1",0.0552971363067626,2.118100166320801,1.8309900760650635,1,1,5,"1,2,2,3,3,5,6,6,6,6",0.0,2.1219253540039062e-05,0.0202682018280029,0.0,0.0328590869903564,0.0491421222686767,1,2,2,0,1,4,2.1219253540039062e-05,0.02024698257446286,-0.0202682018280029,0.0328590869903564,0.016283035278320306,0,IPAD-11air
104,0.0425250530242919,"2,2,2,1,2,2,2",0.0425250530242919,2.078953981399536,1.066843032836914,1,1,5,"1,2,2,2,3,3,4,5",0.0,3.409385681152344e-05,0.0192749500274658,0.0206968784332275,0.0275700092315673,0.0,1,3,2,1,1,0,3.409385681152344e-05,0.019240856170654276,0.0014219284057617014,0.006873130798339799,-0.0275700092315673,0,IPAD-11air
105,0.0483038425445556,"1,2,2,1,2,2,2,1,2,2,2,1,2,2",0.0483038425445556,2.108531951904297,1.7574053287506104,1,1,6,"1,2,2,2,3,3,4,5,6",0.0,0.0039169788360595,0.0237879753112792,0.0253098011016845,0.0312027931213378,0.045644998550415,1,3,2,1,1,1,0.0039169788360595,0.0198709964752197,0.0015218257904053012,0.0058929920196532995,0.014442205429077197,0,IPAD-11air
106,0.049468994140625,"2,2,2,1,2,2,2",0.049468994140625,2.101903915405273,1.078142523765564,1,1,6,"1,2,2,2,3,4,5,6,6,6",0.0,3.1948089599609375e-05,0.0204439163208007,0.0241889953613281,0.0315668582916259,0.0458819866180419,1,3,1,1,1,3,3.1948089599609375e-05,0.020411968231201092,0.0037450790405273993,0.0073778629302977995,0.014315128326416002,0,IPAD-11air
107,0.042018175125122,"1,2,2,2,1,2,2,2,1,2,2,1,2,2,2",0.042018175125122,2.108919143676758,1.8232034683227538,1,1,6,"1,2,2,3,3,4,5,6,6,6",0.0,0.0010621547698974,0.0216031074523925,0.0225100517272949,0.0296320915222167,0.0378279685974121,1,2,2,1,1,3,0.0010621547698974,0.0205409526824951,0.0009069442749024027,0.007122039794921799,0.008195877075195403,0,IPAD-11air
108,0.0522060394287109,"1,2,2,2,1,2,2,1,2,2,1,2,2,2",0.0522060394287109,2.0778110027313232,1.7540473937988281,1,1,6,"1,2,2,2,3,3,3,4,5,6,6,6",0.0,0.0014550685882568,0.0207250118255615,0.0239100456237792,0.0296669006347656,0.0483150482177734,1,3,3,1,1,3,0.0014550685882568,0.019269943237304698,0.0031850337982177006,0.005756855010986401,0.018648147583007802,0,IPAD-11air
109,0.0538029670715332,"1,2,2,2,1,2,1,2,2,1,2,2",0.0538029670715332,2.08467698097229,1.8734244346618651,1,1,6,"1,2,2,3,4,5,6,6",0.0,0.0022180080413818,0.0225670337677001,0.0249671936035156,0.031182050704956,0.047922134399414,1,2,1,1,1,2,0.0022180080413818,0.0203490257263183,0.002400159835815499,0.0062148571014403985,0.016740083694458,0,IPAD-11air
110,0.056582928,,0.056582928,0.0,0.0,1,1,6,"1,2,2,2,3,3,4,5,6,6,6",0.0,0.001204014,0.024945974,0.028813839,0.03587985,0.050116062,1,3,2,1,1,3,0.001204014,0.02374196,0.0038678650000000016,0.007066010999999997,0.014236212000000005,0,IP-14
111,0.0421080589294433,,0.0421080589294433,0.0,0.0,1,1,6,"1,2,2,2,3,3,4,5,6,6,6",0.0,3.0994415283203125e-05,0.0228898525238037,0.026663064956665,0.032938003540039,0.0385830402374267,1,3,2,1,1,3,3.0994415283203125e-05,0.022858858108520497,0.0037732124328613004,0.006274938583373999,0.005645036697387702,0,IP-14
112,0.0490059852600097,,0.0490059852600097,0.0,0.0,1,1,6,"1,2,2,2,3,3,4,5,6,6",0.0,2.9087066650390625e-05,0.0239450931549072,0.0256891250610351,0.0318601131439209,0.0453791618347168,1,3,2,1,1,2,2.9087066650390625e-05,0.023916006088256808,0.001744031906127902,0.006170988082885798,0.013519048690795898,0,IP-14
113,0.0552461147308349,,0.0552461147308349,0.0,0.0,1,1,6,"1,2,2,2,3,3,4,5,6,6,6",0.0,2.9087066650390625e-05,0.0277678966522216,0.0299019813537597,0.0362629890441894,0.0501840114593505,1,3,2,1,1,3,2.9087066650390625e-05,0.02773880958557121,0.0021340847015381,0.006361007690429698,0.013921022415161105,0,IP-14
114,0.0590569972991943,,0.0590569972991943,0.0,0.0,1,1,5,"1,2,2,2,4,5,6,6,6,6",0.0,3.0994415283203125e-05,0.0,0.0271880626678466,0.0352070331573486,0.0521390438079834,1,3,0,1,1,4,3.0994415283203125e-05,-3.0994415283203125e-05,0.0271880626678466,0.008018970489501998,0.0169320106506348,0,IP-14
115,0.0553359985351562,,0.0553359985351562,0.0,0.0,1,1,6,"1,2,2,2,3,3,4,5,6",0.0,3.504753112792969e-05,0.0232460498809814,0.027001142501831,0.033931016921997,0.0492830276489257,1,3,2,1,1,1,3.504753112792969e-05,0.02321100234985347,0.003755092620849599,0.006929874420166002,0.015352010726928697,0,IP-14
116,0.0828340053558349,,0.0828340053558349,0.0,0.0,1,1,5,"1,2,4,5,6,6,6,6",0.0,0.0105221271514892,0.0,0.0520639419555664,0.061842918395996,0.0719740390777587,1,1,0,1,1,4,0.0105221271514892,-0.0105221271514892,0.0520639419555664,0.009778976440429597,0.01013112068176271,0,IP-14
117,0.0559198856353759,,0.0559198856353759,0.0,0.0,1,1,6,"1,2,2,2,3,3,4,5,6,6,6",0.0,0.0019290447235107,0.0247790813446044,0.0269570350646972,0.0334970951080322,0.0513699054718017,1,3,2,1,1,3,0.0019290447235107,0.022850036621093698,0.002177953720092801,0.006540060043334999,0.017872810363769503,0,IP-14
118,0.0567600727081298,,0.0567600727081298,0.0,0.0,1,1,6,"1,2,2,3,3,4,5,6,6",0.0,0.0009951591491699,0.0231339931488037,0.0265200138092041,0.0334820747375488,0.0508110523223876,1,2,2,1,1,2,0.0009951591491699,0.0221388339996338,0.003386020660400401,0.006962060928344699,0.017328977584838798,0,IP-14
119,0.0443580150604248,,0.0443580150604248,0.0,0.0,1,1,6,"1,2,2,2,3,3,3,4,5,6,6,6",0.0,3.0994415283203125e-05,0.023249864578247,0.0248000621795654,0.0323100090026855,0.0397908687591552,1,3,3,1,1,3,3.0994415283203125e-05,0.023218870162963798,0.0015501976013183975,0.0075099468231201,0.007480859756469699,0,IP-14
120,0.0447030067443847,,0.0447030067443847,0.0,0.0,1,1,6,"1,2,2,2,3,3,4,5,6,6",0.0,3.1948089599609375e-05,0.0251359939575195,0.0267469882965087,0.0332889556884765,0.0405008792877197,1,3,2,1,1,2,3.1948089599609375e-05,0.02510404586791989,0.0016109943389891988,0.006541967391967801,0.007211923599243199,0,IP-14
121,0.0461261272430419,,0.0461261272430419,0.0,0.0,1,1,5,"1,2,2,2,3,3,4,6,6,6",0.0,0.0009191036224365,0.0278379917144775,0.0295100212097167,0.0,0.0421981811523437,1,3,2,1,0,3,0.0009191036224365,0.026918888092041002,0.0016720294952391988,-0.0295100212097167,0.0421981811523437,0,IP-14
122,0.0531539916992187,,0.0531539916992187,0.0,0.0,1,1,6,"1,2,2,2,3,3,4,5,6,6,6",0.0,0.0012738704681396,0.023245096206665,0.0253159999847412,0.0310690402984619,0.0484020709991455,1,3,2,1,1,3,0.0012738704681396,0.0219712257385254,0.0020709037780761996,0.0057530403137207,0.0173330307006836,0,IPhone-12_LTE32
123,0.0461418628692626,,0.0461418628692626,0.0,0.0,1,1,6,"1,2,2,2,3,3,4,5,6,6,6",0.0,3.4809112548828125e-05,0.0240039825439453,0.0251169204711914,0.0316798686981201,0.0402557849884033,1,3,2,1,1,3,3.4809112548828125e-05,0.02396917343139647,0.0011129379272461007,0.006562948226928704,0.008575916290283196,0,IPhone-12_LTE32
124,0.0457870960235595,,0.0457870960235595,0.0,0.0,1,1,6,"1,2,2,2,3,3,3,4,5,6,6",0.0,3.0994415283203125e-05,0.0226500034332275,0.0253489017486572,0.0322399139404296,0.0427770614624023,1,3,3,1,1,2,3.0994415283203125e-05,0.022619009017944298,0.002698898315429698,0.0068910121917723985,0.010537147521972705,0,IPhone-12_LTE32
125,0.04777193069458,,0.04777193069458,0.0,0.0,1,1,6,"1,2,2,2,3,3,4,5,6,6,6,6,6,6",0.0,3.0994415283203125e-05,0.0238828659057617,0.026106834411621,0.0327208042144775,0.0381250381469726,1,3,2,1,1,6,3.0994415283203125e-05,0.0238518714904785,0.0022239685058592987,0.006613969802856497,0.005404233932495103,0,IPhone-12_LTE32
126,0.0415821075439453,,0.0415821075439453,0.0,0.0,1,1,6,"1,2,2,2,3,3,4,5,6,6,6",0.0,3.0040740966796875e-05,0.0239531993865966,0.0254991054534912,0.0318551063537597,0.0387561321258544,1,3,2,1,1,3,3.0040740966796875e-05,0.023923158645629803,0.0015459060668946006,0.006356000900268503,0.006901025772094699,0,IPhone-12_LTE32
127,0.0487191677093505,,0.0487191677093505,0.0,0.0,1,1,6,"1,2,2,2,3,3,4,5,6,6,6",0.0,0.0012409687042236,0.0226430892944335,0.024799108505249,0.0313820838928222,0.0446150302886962,1,3,2,1,1,3,0.0012409687042236,0.0214021205902099,0.002156019210815499,0.006582975387573204,0.013232946395873996,0,IPhone-12_LTE32
128,0.0865101814270019,,0.0865101814270019,0.0,0.0,1,1,6,"1,2,2,2,3,3,4,5,6",0.0,0.0031981468200683,0.0454671382904052,0.0521361827850341,0.05904221534729,0.0681290626525878,1,3,2,1,1,1,0.0031981468200683,0.0422689914703369,0.006669044494628906,0.006906032562255894,0.009086847305297796,0,IPhone-12_LTE32
129,0.046091079711914,,0.046091079711914,0.0,0.0,1,1,6,"1,2,2,2,3,3,4,5,6,6",0.0,3.719329833984375e-05,0.0247120857238769,0.0262670516967773,0.0325281620025634,0.0406491756439209,1,3,2,1,1,2,3.719329833984375e-05,0.024674892425537057,0.0015549659729003976,0.006261110305786102,0.008121013641357498,0,IPhone-12_LTE32
130,0.0515179634094238,,0.0515179634094238,0.0,0.0,1,1,6,"1,2,2,2,3,3,4,5,6",0.0,0.0010349750518798,0.0231428146362304,0.0263278484344482,0.0328259468078613,0.0399658679962158,1,3,2,1,1,1,0.0010349750518798,0.0221078395843506,0.003185033798217801,0.0064980983734131,0.007139921188354499,0,IPhone-12_LTE32
131,0.0474500656127929,,0.0474500656127929,0.0,0.0,1,1,6,"1,2,2,2,3,3,4,4,5,6,6,6",0.0,3.0040740966796875e-05,0.0237998962402343,0.0248410701751709,0.032362937927246,0.0434880256652832,1,3,2,2,1,3,3.0040740966796875e-05,0.023769855499267502,0.0010411739349365998,0.007521867752075098,0.011125087738037207,0,IPhone-12_LTE32
132,0.0516691207885742,,0.0516691207885742,0.0,0.0,1,1,6,"1,2,2,2,3,3,4,5,6,6,6",0.0,3.0040740966796875e-05,0.0223870277404785,0.0236380100250244,0.0305509567260742,0.0474629402160644,1,3,2,1,1,3,3.0040740966796875e-05,0.0223569869995117,0.001250982284545902,0.006912946701049801,0.016911983489990196,0,IPhone-12_LTE32
133,0.0405108928680419,,0.0405108928680419,0.0,0.0,1,1,6,"1,2,2,2,3,3,4,5,6,6,6,6,6",0.0,2.694129943847656e-05,0.0232760906219482,0.0246288776397705,0.0331048965454101,0.0357248783111572,1,3,2,1,1,5,2.694129943847656e-05,0.023249149322509724,0.0013527870178223003,0.0084760189056396,0.002619981765747098,0,IPhone-12_LTE32
134,0.0574531555175781,"2,2,2,2,2,2",0.0574531555175781,11.312238216400146,0.0,0,0,6,"1,2,2,2,3,3,4,5,6,6",0.0,7.152557373046875e-06,0.0011219978332519,0.0054810047149658,0.0121171474456787,0.0197131633758544,1,3,2,1,1,2,7.152557373046875e-06,0.0011148452758788531,0.0043590068817139,0.0066361427307129,0.007596015930175698,0,OPPO-FINDX3PRO_1
135,0.0678298473358154,,0.0678298473358154,0.0,0.0,0,0,5,"1,2,2,3,3,4,6,6",0.0,1.9073486328125e-06,0.0019478797912597,0.0099949836730957,0.0,0.0600028038024902,1,2,2,1,0,2,1.9073486328125e-06,0.0019459724426268874,0.008047103881836,-0.0099949836730957,0.0600028038024902,0,OPPO-FINDX3PRO_1
136,0.0625319480895996,,0.0625319480895996,0.0,0.0,0,0,6,"1,2,3,2,3,4,5,6,6,6",0.0,0.0011050701141357,0.0011088848114013,0.0052170753479003,0.0117840766906738,0.0175230503082275,1,2,2,1,1,3,0.0011050701141357,3.8146972656000634e-06,0.004108190536499001,0.0065670013427735,0.0057389736175537005,1,OPPO-FINDX3PRO_1
137,0.0676460266113281,,0.0676460266113281,0.0,0.0,0,0,6,"1,2,2,2,3,3,4,5,6,6,6",0.0,9.059906005859377e-06,0.0043740272521972,0.0089421272277832,0.015334129333496,0.0260329246520996,1,3,2,1,1,3,9.059906005859377e-06,0.00436496734619134,0.004568099975586,0.0063920021057128,0.010698795318603599,0,OPPO-FINDX3PRO_1
138,0.0466301441192626,"2,2,2",0.0466301441192626,2.611961126327514,0.0,0,0,6,"1,2,3,2,2,3,4,5,6,6,6,6",0.0,8.106231689453125e-06,9.059906005859377e-06,0.0055069923400878,0.0115220546722412,0.0149879455566406,1,3,2,1,1,4,8.106231689453125e-06,9.536743164062517e-07,0.005497932434081941,0.0060150623321534,0.0034658908843994,1,OPPO-FINDX3PRO_1
139,0.0613319873809814,"2,2,2,2,2,2",0.0613319873809814,2.535064935684204,0.0,0,0,6,"1,2,2,2,3,3,4,5,6,6,6",0.0,1.0013580322265623e-05,0.0058319568634033,0.0089099407196044,0.0154569149017333,0.0180559158325195,1,3,2,1,1,3,1.0013580322265623e-05,0.005821943283081035,0.0030779838562011,0.006546974182128899,0.0025990009307862005,0,OPPO-FINDX3PRO_1
140,0.0958838462829589,"2,2,2,2,2,2",0.0958838462829589,2.642908811569214,0.0,0,0,6,"1,2,3,2,2,3,4,5,6,6,6,6,6,6,6,6,6,6,6,6,6,6",0.0,7.867813110351562e-06,1.0013580322265623e-05,0.005944013595581,0.0126528739929199,0.0155079364776611,1,3,2,1,1,14,7.867813110351562e-06,2.145767211914061e-06,0.005934000015258734,0.006708860397338899,0.0028550624847412005,1,OPPO-FINDX3PRO_1
141,0.0870590209960937,"2,2,2,2",0.0870590209960937,2.6417481899261475,0.0,0,0,6,"1,1,3,2,3,2,2,3,4,4,5,5,5,5,6,6,6,6,6,6,6,6,6,6,6,6",0.0,0.0029191970825195,0.0011801719665527,0.0072410106658935,0.0160920619964599,0.0250380039215087,2,3,3,2,4,12,0.0029191970825195,-0.0017390251159668001,0.0060608386993408,0.0088510513305664,0.0089459419250488,2,OPPO-FINDX3PRO_1
142,0.06439208984375,,0.06439208984375,0.0,0.0,0,0,6,"1,2,2,2,3,3,4,4,5,6,6,6,6,6,6,6",0.0,9.059906005859377e-06,0.003741979598999,0.0074131488800048,0.0149929523468017,0.0311601161956787,1,3,2,2,1,7,9.059906005859377e-06,0.0037329196929931406,0.0036711692810058004,0.0075798034667969,0.016167163848877,0,OPPO-FINDX3PRO_1
143,0.0605041980743408,"2,2,2",0.0605041980743408,1.9002211093902588,0.0,0,0,6,"1,2,2,2,3,3,4,5,6,6,6",0.0,2.408027648925781e-05,0.0044150352478027,0.0062601566314697,0.0128669738769531,0.0315430164337158,1,3,2,1,1,3,2.408027648925781e-05,0.004390954971313442,0.001845121383667,0.006606817245483401,0.0186760425567627,0,OPPO-FINDX3PRO_1
144,0.064540147781372,"2,2,2",0.064540147781372,2.576866149902344,0.0,0,0,6,"1,2,2,2,3,3,4,5,6,6,6",0.0,9.059906005859377e-06,0.0009751319885253,0.0055329799652099,0.0118861198425292,0.0271971225738525,1,3,2,1,1,3,9.059906005859377e-06,0.0009660720825194406,0.0045578479766846,0.0063531398773192995,0.015311002731323301,0,OPPO-FINDX3PRO_1
145,0.0548830032348632,"2,2,2,2",0.0548830032348632,2.5494649410247803,0.0,0,0,6,"1,2,2,2,3,3,4,5,6,6,6",0.0,8.106231689453125e-06,0.0011360645294189,0.0051779747009277,0.0117850303649902,0.0320570468902587,1,3,2,1,1,3,8.106231689453125e-06,0.0011279582977294469,0.0040419101715087995,0.0066070556640625,0.0202720165252685,0,OPPO-FINDX3PRO_1
146,0.0675029754638671,"2,2,2",0.0675029754638671,2.6196181774139404,0.0,0,0,6,"1,2,2,3,3,4,4,4,4,5,6,6,6",0.0,8.106231689453125e-06,0.0047640800476074,0.0083889961242675,0.016798973083496,0.0318460464477539,1,2,2,4,1,3,8.106231689453125e-06,0.004755973815917947,0.0036249160766601,0.0084099769592285,0.0150470733642579,0,OPPO-FINDX3PRO_1
147,0.0747480392456054,"1,2,2,2,1,2,2,2",0.0747480392456054,10.726315021514893,10.73615550994873,0,0,5,"1,2,2,2,3,3,3,4,6,6,6",0.0,0.0011911392211914,0.0055611133575439,0.0085499286651611,0.0,0.0256760120391845,1,3,3,1,0,3,0.0011911392211914,0.0043699741363525,0.0029888153076171996,-0.0085499286651611,0.0256760120391845,0,OPPO-FINDX3PRO_2
148,0.0529251098632812,2,0.0529251098632812,10.744894981384276,0.0,0,0,4,"2,2,2,3,3,5,6,6,6",0.0,0.0,0.0024640560150146,0.0,0.0134501457214355,0.0275020599365234,0,3,2,0,1,3,0.0,0.0024640560150146,-0.0024640560150146,0.0134501457214355,0.0140519142150879,0,OPPO-FINDX3PRO_2
149,0.0590541362762451,"1,2,2,1,2,2",0.0590541362762451,10.71226406097412,10.722360610961914,0,0,6,"1,2,2,2,3,3,4,5,6,6,6",0.0,5.960464477539063e-06,0.0036909580230712,0.0073380470275878,0.0144240856170654,0.0236110687255859,1,3,2,1,1,3,5.960464477539063e-06,0.003684997558593661,0.0036470890045166003,0.0070860385894776,0.0091869831085205,0,OPPO-FINDX3PRO_2
150,0.0625419616699218,"1,2,2,2,1,2,2,2",0.0625419616699218,10.72765612602234,10.738025069236755,0,0,6,"1,2,2,2,3,3,4,5,6,6,6",0.0,3.2901763916015625e-05,0.0051639080047607,0.0085580348968505,0.0149500370025634,0.0238709449768066,1,3,2,1,1,3,3.2901763916015625e-05,0.005131006240844684,0.0033941268920897995,0.006392002105712901,0.008920907974243199,0,OPPO-FINDX3PRO_2
151,0.055272102355957,"1,2,2,1,2,2",0.055272102355957,10.619334936141968,10.62949800491333,0,0,6,"1,2,2,2,3,3,4,5,6,6,6",0.0,2.09808349609375e-05,0.0070559978485107,0.0106580257415771,0.0168850421905517,0.0195379257202148,1,3,2,1,1,3,2.09808349609375e-05,0.007035017013549762,0.0036020278930664,0.006227016448974599,0.0026528835296631,0,OPPO-FINDX3PRO_2
152,0.0739998817443847,"1,2,2,1",0.0739998817443847,10.696164846420288,10.704458832740784,0,0,5,"1,1,1,2,2,2,3,3,4,6,6",0.0,0.0013198852539062,0.0055928230285644,0.0087978839874267,0.0,0.0212578773498535,3,3,2,1,0,2,0.0013198852539062,0.0042729377746582005,0.0032050609588623004,-0.0087978839874267,0.0212578773498535,0,OPPO-FINDX3PRO_2
153,0.078042984008789,"1,2,2,2,2,2,2",0.078042984008789,10.709430932998655,10.709430932998655,0,0,5,"1,2,2,3,3,4,6,6,6",0.0,3.0040740966796875e-05,0.0051338672637939,0.0073070526123046,0.0,0.0250370502471923,1,2,2,1,0,3,3.0040740966796875e-05,0.005103826522827103,0.0021731853485106997,-0.0073070526123046,0.0250370502471923,0,OPPO-FINDX3PRO_2
154,0.084501028060913,"2,2,1,2,2,2",0.084501028060913,10.7396399974823,10.769887924194336,0,0,5,"1,2,2,4,5,6,6,6",0.0,0.0010271072387695,0.0,0.0088739395141601,0.016434907913208,0.0285398960113525,1,2,0,1,1,3,0.0010271072387695,-0.0010271072387695,0.0088739395141601,0.0075609683990479,0.0121049880981445,0,OPPO-FINDX3PRO_2
155,0.0677790641784668,"2,2",0.0677790641784668,10.746639013290403,0.0,0,0,6,"1,2,2,2,3,3,4,5,6,6",0.0,3.2901763916015625e-05,0.0010149478912353,0.0042951107025146,0.0120489597320556,0.0163838863372802,1,3,2,1,1,2,3.2901763916015625e-05,0.0009820461273192843,0.0032801628112793,0.007753849029541,0.004334926605224601,0,OPPO-FINDX3PRO_2
156,0.051865816116333,"1,2,2,2",0.051865816116333,10.719262838363647,10.719262838363647,0,0,6,"1,2,2,3,3,4,5,6,6",0.0,0.0011138916015625,0.0045139789581298,0.0072958469390869,0.0155019760131835,0.0333459377288818,1,2,2,1,1,2,0.0011138916015625,0.0034000873565673004,0.0027818679809570998,0.0082061290740966,0.0178439617156983,0,OPPO-FINDX3PRO_2
157,0.0688438415527343,"1,2,2,2,1,2,2,2",0.0688438415527343,1.90866494178772,6.447195887565613,0,0,6,"1,2,2,2,3,4,5,6,6,6,6",0.0,2.288818359375e-05,0.0081479549407958,0.0142769813537597,0.0235469341278076,0.0478198528289794,1,3,1,1,1,4,2.288818359375e-05,0.00812506675720205,0.0061290264129639,0.0092699527740479,0.024272918701171802,0,OPPO-FINDX3PRO_2
158,0.0635550022125244,"1,2,2,2,1,2,2,2",0.0635550022125244,10.61944580078125,10.629690408706665,0,0,6,"1,2,2,2,3,3,4,5,6,6",0.0,2.694129943847656e-05,0.0042848587036132,0.0108869075775146,0.0170459747314453,0.0551660060882568,1,3,2,1,1,2,2.694129943847656e-05,0.004257917404174723,0.0066020488739014,0.006159067153930699,0.0381200313568115,0,OPPO-FINDX3PRO_2
159,0.0470809936523437,"1,2,2,2,1,2,2,2",0.0470809936523437,9.687652111053469,14.719119548797607,0,0,4,"3,3,4,5,6,6,6",0.0,0.0,0.0,0.0106501579284667,0.0261371135711669,0.0287220478057861,0,0,2,1,1,3,0.0,0.0,0.0106501579284667,0.015486955642700199,0.002584934234619203,0,OPPO-FINDX6_1
160,0.0404329299926757,"1,2,2,2,1,2,2,2",0.0404329299926757,9.888811111450195,14.902122855186462,0,0,4,"3,3,4,5,6",0.0,0.0,0.0,0.0112090110778808,0.0199000835418701,0.0334000587463378,0,0,2,1,1,1,0.0,0.0,0.0112090110778808,0.0086910724639893,0.0134999752044677,0,OPPO-FINDX6_1
161,0.0367829799652099,"1,2,2,2,1,2,2,2",0.0367829799652099,9.964455127716064,15.056806027889252,0,0,4,"3,3,4,5,6,6,6,6",0.0,0.0,0.0,0.0070810317993164,0.0146260261535644,0.0232789516448974,0,0,2,1,1,4,0.0,0.0,0.0070810317993164,0.007544994354247999,0.008652925491333,0,OPPO-FINDX6_1
162,0.0334892272949218,"1,2,2,2,1,2,2,2",0.0334892272949218,9.966909170150757,14.920397877693176,0,0,4,"3,3,4,5,6,6",0.0,0.0,0.0,0.0068540573120117,0.0138242244720458,0.0301971435546875,0,0,2,1,1,2,0.0,0.0,0.0068540573120117,0.0069701671600341,0.0163729190826417,0,OPPO-FINDX6_1
163,0.0359940528869628,"1,2,2,2,1,2,2,2",0.0359940528869628,9.743855953216553,14.862952053546906,0,0,4,"3,3,4,5,6,6,6",0.0,0.0,0.0,0.0116441249847412,0.0186221599578857,0.0314810276031494,0,0,2,1,1,3,0.0,0.0,0.0116441249847412,0.0069780349731445,0.0128588676452637,0,OPPO-FINDX6_1
164,0.0264780521392822,"1,2,2,2,1",0.0264780521392822,11.0085129737854,15.417377769947052,0,0,4,"3,3,4,5,6,6",0.0,0.0,0.0,0.0066959857940673,0.0136640071868896,0.017698049545288,0,0,2,1,1,2,0.0,0.0,0.0066959857940673,0.0069680213928222995,0.004034042358398399,0,OPPO-FINDX6_1
165,0.0365369319915771,"1,2,2,2,1,2,2,2",0.0365369319915771,11.191097021102903,20.446229179700214,0,0,4,"3,3,4,5,6,6,6,6",0.0,0.0,0.0,0.0121431350708007,0.0192770957946777,0.0225141048431396,0,0,2,1,1,4,0.0,0.0,0.0121431350708007,0.007133960723877,0.0032370090484619,0,OPPO-FINDX6_1
166,0.0362319946289062,"1,2,2,2,1,2,2,2",0.0362319946289062,9.970845937728882,13.688816547393799,0,0,3,"3,3,4,6,6,6",0.0,0.0,0.0,0.0054929256439208,0.0,0.0300898551940917,0,0,2,1,0,3,0.0,0.0,0.0054929256439208,-0.0054929256439208,0.0300898551940917,0,OPPO-FINDX6_1
167,0.030959129333496,"1,1,2",0.030959129333496,9.953774213790894,19.950607458750408,0,0,4,"3,3,4,5,6,6,6,6,6",0.0,0.0,0.0,0.0109469890594482,0.0176191329956054,0.0239791870117187,0,0,2,1,1,5,0.0,0.0,0.0109469890594482,0.006672143936157199,0.006360054016113302,0,OPPO-FINDX6_1
168,0.031574010848999,"1,2,2,2,1,2,2,2",0.031574010848999,9.70813488960266,14.763112425804138,0,0,4,"3,3,4,5,6,6,6,6",0.0,0.0,0.0,0.0088679790496826,0.0158050060272216,0.0219790935516357,0,0,2,1,1,4,0.0,0.0,0.0088679790496826,0.006937026977539,0.006174087524414101,0,OPPO-FINDX6_1
169,0.0369009971618652,"1,2,2,2,1,2,2,2",0.0369009971618652,9.967159986495972,15.013222455978394,0,0,4,"3,3,4,5,6,6",0.0,0.0,0.0,0.0104458332061767,0.0177168846130371,0.0338759422302246,0,0,2,1,1,2,0.0,0.0,0.0104458332061767,0.007271051406860398,0.016159057617187503,0,OPPO-FINDX6_1
170,0.0971210002899169,"1,2,2",0.0971210002899169,9.575935125350952,25.962693721055984,0,0,4,"1,2,2,2,3,5",0.0,2.5987625122070312e-05,0.074437141418457,0.0,0.0843219757080078,0.0,1,3,1,0,1,0,2.5987625122070312e-05,0.07441115379333493,-0.074437141418457,0.0843219757080078,-0.0843219757080078,0,VIVO-X60_2
171,0.0937750339508056,"1,1,2,2,2",0.0937750339508056,2.588283061981201,8.087772655487061,0,0,5,"1,2,3,4,6",0.0,0.0011651515960693,0.0733230113983154,0.0756099224090576,0.0,0.0906469821929931,1,1,1,1,0,1,0.0011651515960693,0.07215785980224611,0.0022869110107422014,-0.0756099224090576,0.0906469821929931,0,VIVO-X60_2
172,0.2222039699554443,"1,2,2",0.2222039699554443,13.453258991241457,13.453258991241457,0,0,4,"1,3,2,2,3,3,6",0.0,0.0955438613891601,0.0810678005218505,0.0,0.0,0.2145400047302246,1,2,3,0,0,1,0.0955438613891601,-0.014476060867309598,-0.0810678005218505,0.0,0.2145400047302246,1,VIVO-X60_2
173,1.932525873184204,"1,2,2",1.932525873184204,9.377538919448853,11.371472477912903,0,0,6,"1,1,3,2,2,3,4,5,6,6",0.0,0.1112809181213378,0.0960988998413086,0.1323270797729492,0.1867249011993408,1.9102849960327148,2,2,2,1,1,2,0.1112809181213378,-0.0151820182800292,0.0362281799316406,0.0543978214263916,1.723560094833374,1,VIVO-X60_2
174,0.1081140041351318,1,0.1081140041351318,9.618383884429932,14.082553684711456,0,0,6,"1,2,2,2,3,4,5,6,6,6",0.0,1.5974044799804688e-05,0.075571060180664,0.0795018672943115,0.0857419967651367,0.1007568836212158,1,3,1,1,1,3,1.5974044799804688e-05,0.07555508613586419,0.003930807113647503,0.006240129470825209,0.015014886856079102,0,VIVO-X60_2
175,0.1099040508270263,4,0.1099040508270263,2.670916080474853,8.156259059906006,0,0,6,"1,2,2,3,3,4,5,6",0.0,0.0016241073608398,0.0776581764221191,0.081766128540039,0.0885720252990722,0.1075072288513183,1,2,2,1,1,1,0.0016241073608398,0.0760340690612793,0.004107952117919894,0.006805896759033203,0.018935203552246108,0,VIVO-X60_2
176,0.1080439090728759,"1,2,2,2",0.1080439090728759,7.896414041519165,12.220731019973755,0,0,6,"1,2,2,3,3,4,4,5,6,6,6",0.0,1.5020370483398438e-05,0.0761048793792724,0.0805399417877197,0.0897159576416015,0.1017260551452636,1,2,2,2,1,3,1.5020370483398438e-05,0.07608985900878901,0.004435062408447293,0.009176015853881794,0.01201009750366211,0,VIVO-X60_2
177,0.0300168991088867,"1,2,2,2,2,2",0.0300168991088867,12.40769386291504,12.40769386291504,0,0,2,"3,3,6,6",0.0,0.0,0.0,0.0,0.0,0.0168428421020507,0,0,2,0,0,2,0.0,0.0,0.0,0.0,0.0168428421020507,0,VIVO-X60_2
178,0.1030919551849365,"1,2",0.1030919551849365,9.602710008621216,11.449696063995361,0,0,6,"1,2,2,2,3,4,5,6,6",0.0,0.0008490085601806,0.0742270946502685,0.078165054321289,0.0848059654235839,0.0972280502319336,1,3,1,1,1,2,0.0008490085601806,0.0733780860900879,0.003937959671020494,0.006640911102294908,0.012422084808349693,0,VIVO-X60_2
179,0.1063640117645263,"2,2,2",0.1063640117645263,9.688326835632324,12.75812292098999,0,0,5,"1,2,2,2,3,5,6,6,6",0.0,0.0015408992767333,0.0742318630218505,0.0,0.0856208801269531,0.099416971206665,1,3,1,0,1,3,0.0015408992767333,0.0726909637451172,-0.0742318630218505,0.0856208801269531,0.0137960910797119,0,VIVO-X60_2
180,0.1013751029968261,"1,2,2",0.1013751029968261,9.377211093902588,11.241616408030191,0,0,6,"1,2,2,2,3,3,4,5,6,6",0.0,2.408027648925781e-05,0.0767381191253662,0.0805010795593261,0.086846113204956,0.093682050704956,1,3,2,1,1,2,2.408027648925781e-05,0.07671403884887694,0.0037629604339599054,0.006345033645629897,0.0068359375,0,VIVO-X60_2
181,0.1081290245056152,"1,2,2",0.1081290245056152,9.498180866241457,21.903528134028118,0,0,5,"1,3,3,4,5,6,6,6",0.0,0.0,0.0771670341491699,0.0803580284118652,0.0864558219909668,0.099086046218872,1,0,2,1,1,3,0.0,0.0771670341491699,0.0031909942626953125,0.00609779357910159,0.012630224227905204,0,VIVO-X60_2
182,0.0463500022888183,"1,2,2,1",0.0463500022888183,10.607852935791016,10.620493412017822,0,0,4,"3,3,4,5,6,6,6",0.0,0.0,0.0,0.0182938575744628,0.025782823562622,0.0370779037475585,0,0,2,1,1,3,0.0,0.0,0.0182938575744628,0.0074889659881592005,0.011295080184936496,0,VIVO-X90
183,0.0493688583374023,,0.0493688583374023,0.0,0.0,0,0,3,"3,5,6,6",0.0,0.0,0.0,0.0,0.025735855102539,0.0448048114776611,0,0,1,0,1,2,0.0,0.0,0.0,0.025735855102539,0.019068956375122098,0,VIVO-X90
184,0.0627880096435546,"1,2,2",0.0627880096435546,7.722999095916748,7.722999095916748,0,0,4,"3,4,5,6,6,6",0.0,0.0,0.0,0.0179510116577148,0.0260431766510009,0.035079002380371,0,0,1,1,1,3,0.0,0.0,0.0179510116577148,0.008092164993286102,0.009035825729370096,0,VIVO-X90
185,0.0559949874877929,"1,2,2,2,1,2,2",0.0559949874877929,10.455182075500488,10.467966556549072,0,0,4,"3,4,5,6,6,6",0.0,0.0,0.0,0.018334150314331,0.0254139900207519,0.0364341735839843,0,0,1,1,1,3,0.0,0.0,0.018334150314331,0.007079839706420902,0.011020183563232398,0,VIVO-X90
186,0.0365309715270996,"1,2,2,1,2",0.0365309715270996,10.487780094146729,10.49979853630066,0,0,2,"3,3,4",0.0,0.0,0.0,0.0179669857025146,0.0,0.0,0,0,2,1,0,0,0.0,0.0,0.0179669857025146,-0.0179669857025146,0.0,0,VIVO-X90
187,0.0466718673706054,"1,2",0.0466718673706054,10.550890922546388,10.550890922546388,0,0,2,"3,3,4",0.0,0.0,0.0,0.0193538665771484,0.0,0.0,0,0,2,1,0,0,0.0,0.0,0.0193538665771484,-0.0193538665771484,0.0,0,VIVO-X90
188,0.0469670295715332,"1,2,2,2",0.0469670295715332,11.376487016677856,11.376487016677856,0,0,3,"3,3,4,6,6",0.0,0.0,0.0,0.0185821056365966,0.0,0.0425741672515869,0,0,2,1,0,2,0.0,0.0,0.0185821056365966,-0.0185821056365966,0.0425741672515869,0,VIVO-X90
189,0.0423431396484375,"2,2,2,1,2,2",0.0423431396484375,10.418243169784546,10.443181991577148,0,0,4,"3,4,5,6",0.0,0.0,0.0,0.0187840461730957,0.0261871814727783,0.0332520008087158,0,0,1,1,1,1,0.0,0.0,0.0187840461730957,0.0074031352996826,0.0070648193359375,0,VIVO-X90
190,0.0526530742645263,"2,2,2",0.0526530742645263,10.449733018875122,0.0,0,0,4,"3,3,4,5,6",0.0,0.0,0.0,0.0210309028625488,0.0295870304107666,0.0430850982666015,0,0,2,1,1,1,0.0,0.0,0.0210309028625488,0.008556127548217801,0.013498067855834898,0,VIVO-X90
191,0.0502591133117675,"2,2,1,2,2,2",0.0502591133117675,10.427391052246094,10.448638916015623,0,0,2,"3,6,6,6",0.0,0.0,0.0,0.0,0.0,0.0316550731658935,0,0,1,0,0,3,0.0,0.0,0.0,0.0,0.0316550731658935,0,VIVO-X90
192,0.0540809631347656,"2,2,2",0.0540809631347656,9.926316022872925,0.0,0,0,6,"1,1,2,2,3,3,3,4,5,6,6,6",0.0,0.0025398731231689,0.0067498683929443,0.012341022491455,0.0204479694366455,0.0392670631408691,2,2,3,1,1,3,0.0025398731231689,0.0042099952697754,0.0055911540985107,0.0081069469451905,0.018819093704223598,0,XIAOMI-10MI10
193,0.0477130413055419,"2,2,2,2,2,2",0.0477130413055419,10.080963134765623,0.0,0,0,5,"1,2,2,2,3,3,4,6,6",0.0,2.813339233398437e-05,0.0069570541381835,0.0098669528961181,0.0,0.0229640007019042,1,3,2,1,0,2,2.813339233398437e-05,0.006928920745849516,0.0029098987579346,-0.0098669528961181,0.0229640007019042,0,XIAOMI-10MI10
194,0.0484018325805664,"2,2,2",0.0484018325805664,9.96193790435791,0.0,0,0,6,"1,2,2,2,3,3,4,5,6,6,6",0.0,3.3855438232421875e-05,0.0068230628967285,0.0099949836730957,0.0167498588562011,0.0213780403137207,1,3,2,1,1,3,3.3855438232421875e-05,0.006789207458496078,0.0031719207763671996,0.006754875183105399,0.004628181457519601,0,XIAOMI-10MI10
195,0.048563003540039,"2,2,2",0.048563003540039,10.071472883224487,0.0,0,0,6,"1,2,2,2,3,3,4,5,6,6,6",0.0,2.694129943847656e-05,0.0045638084411621,0.0087208747863769,0.0147078037261962,0.0338590145111084,1,3,2,1,1,3,2.694129943847656e-05,0.004536867141723623,0.0041570663452147995,0.005986928939819301,0.0191512107849122,0,XIAOMI-10MI10
196,0.0449330806732177,"2,2,2",0.0449330806732177,10.007347106933594,0.0,0,0,6,"1,2,2,2,3,3,4,5,6,6,6,6",0.0,1.0967254638671877e-05,0.0053341388702392,0.0085220336914062,0.0151259899139404,0.0293710231781005,1,3,2,1,1,4,1.0967254638671877e-05,0.005323171615600528,0.003187894821167,0.0066039562225342005,0.014245033264160099,0,XIAOMI-10MI10
197,0.0453250408172607,"2,2",0.0453250408172607,9.907596826553345,0.0,0,0,6,"1,2,2,2,3,3,4,5,6,6,6",0.0,1.0967254638671877e-05,0.0065209865570068,0.0097289085388183,0.0163068771362304,0.0218889713287353,1,3,2,1,1,3,1.0967254638671877e-05,0.0065100193023681285,0.0032079219818115,0.006577968597412099,0.0055820941925049,0,XIAOMI-10MI10
198,0.0483608245849609,"2,2,2",0.0483608245849609,10.09637188911438,0.0,0,0,6,"1,2,2,3,3,4,5,6,6,6",0.0,0.0010459423065185,0.0075287818908691,0.0116298198699951,0.0178618431091308,0.0290718078613281,1,2,2,1,1,3,0.0010459423065185,0.0064828395843506,0.004101037979126,0.0062320232391357006,0.0112099647521973,0,XIAOMI-10MI10
199,0.0429189205169677,"2,2,2",0.0429189205169677,10.022572994232178,0.0,0,0,6,"1,2,2,2,3,3,4,5,6,6",0.0,3.695487976074219e-05,0.0061120986938476,0.0083920955657958,0.0149860382080078,0.0294189453125,1,3,2,1,1,2,3.695487976074219e-05,0.006075143814086858,0.0022799968719481997,0.006593942642212001,0.0144329071044922,0,XIAOMI-10MI10
200,0.0512080192565918,"2,2,2",0.0512080192565918,10.044536113739014,0.0,0,0,6,"1,2,2,2,3,3,4,5,6,6,6",0.0,2.789497375488281e-05,0.0076489448547363,0.0109500885009765,0.0171799659729003,0.0329260826110839,1,3,2,1,1,3,2.789497375488281e-05,0.0076210498809814176,0.0033011436462401997,0.0062298774719238,0.0157461166381836,0,XIAOMI-10MI10
201,0.0471410751342773,"2,2,2",0.0471410751342773,9.888220071792604,0.0,0,0,6,"1,2,2,3,3,4,5,6,6,6",0.0,0.001223087310791,0.0062739849090576,0.0088660717010498,0.0144510269165039,0.0219058990478515,1,2,2,1,1,3,0.001223087310791,0.0050508975982666,0.0025920867919921996,0.0055849552154541,0.007454872131347601,0,XIAOMI-10MI10
202,1.0465121269226074,"2,2,2",1.0465121269226074,10.018635988235474,0.0,0,0,6,"1,2,2,2,3,3,4,5,6,6,6,6,6",0.0,1.3113021850585938e-05,0.007045030593872,0.0119409561157226,0.0186259746551513,0.0335850715637207,1,3,2,1,1,5,1.3113021850585938e-05,0.007031917572021414,0.004895925521850601,0.0066850185394287005,0.014959096908569402,0,XIAOMI-10MI10
203,0.043799877166748,"2,2,2",0.043799877166748,2.838620901107788,0.0,0,0,6,"1,2,2,2,3,3,4,5,6,6,6",0.0,1.4781951904296877e-05,0.0071909427642822,0.0106468200683593,0.0171058177947998,0.0330398082733154,1,3,2,1,1,3,1.4781951904296877e-05,0.007176160812377903,0.0034558773040771007,0.006458997726440501,0.0159339904785156,0,XIAOMI-10MI10
204,0.0459959506988525,"1,2,2,2",0.0459959506988525,9.46794605255127,9.46794605255127,0,0,6,"1,1,1,2,2,2,3,3,3,4,4,5,6,6,6,6",0.0,9.608268737792967e-05,0.0031700134277343,0.006382942199707,0.0148239135742187,0.0295069217681884,3,3,3,2,1,4,9.608268737792967e-05,0.0030739307403563703,0.0032129287719727,0.0084409713745117,0.0146830081939697,0,XIAOMI-10MI3
205,0.0555109977722168,"1,2,1,1,2,1,2,2,2",0.0555109977722168,9.82602310180664,9.831361591815948,0,0,6,"1,1,1,1,1,2,2,2,3,3,3,3,4,5,6,6,6",0.0,0.0043830871582031,0.007620096206665,0.0113081932067871,0.0188391208648681,0.029365062713623,5,3,4,1,1,3,0.0043830871582031,0.0032370090484619,0.0036880970001221007,0.007530927658081001,0.010525941848754897,0,XIAOMI-10MI3
206,0.0408990383148193,"1,1,1,2,2",0.0408990383148193,9.647083044052124,9.647671699523926,0,0,6,"1,2,3,2,2,3,4,5,5,6",0.0,0.0007159709930419,0.0007359981536865,0.0050530433654785,0.0116591453552246,0.0391490459442138,1,3,2,1,2,1,0.0007159709930419,2.002716064459999e-05,0.004317045211792,0.006606101989746101,0.027489900588989195,1,XIAOMI-10MI3
207,0.0436460971832275,"1,1,1,2,2",0.0436460971832275,9.650036096572876,9.651174386342367,0,0,6,"1,2,2,3,3,4,5,6,6,6,6,6,6",0.0,3.695487976074219e-05,0.0010321140289306,0.0045831203460693,0.010401964187622,0.0231649875640869,1,2,2,1,1,6,3.695487976074219e-05,0.000995159149169858,0.0035510063171387005,0.005818843841552699,0.012763023376464901,0,XIAOMI-10MI3
208,0.0412700176239013,"1,2,1,2,1,2",0.0412700176239013,9.742696046829224,9.743127346038818,0,0,5,"2,3,2,2,3,4,5,6,6,6",0.0,0.0,0.0010130405426025,0.0049240589141845,0.0118389129638671,0.0172140598297119,0,3,2,1,1,3,0.0,0.0010130405426025,0.003911018371582,0.006914854049682601,0.005375146865844799,1,XIAOMI-10MI3
209,0.0452208518981933,"1,1",0.0452208518981933,9.871819019317629,9.87183701992035,0,0,6,"1,2,3,2,4,5,6,6",0.0,0.0024328231811523,0.0024518966674804,0.0059540271759033,0.0120668411254882,0.0230200290679931,1,2,1,1,1,2,0.0024328231811523,1.9073486328099847e-05,0.0035021305084229006,0.006112813949584899,0.010953187942504902,1,XIAOMI-10MI3
210,0.0464091300964355,"1,2,1,1,2",0.0464091300964355,9.685408115386965,9.685882012049357,0,0,6,"1,2,2,2,3,3,4,4,4,5,6,6,6,6,6",0.0,2.813339233398437e-05,0.0032520294189453,0.0068259239196777,0.0145399570465087,0.0290510654449462,1,3,2,3,1,5,2.813339233398437e-05,0.0032238960266113155,0.0035738945007323998,0.007714033126831001,0.014511108398437498,0,XIAOMI-10MI3
211,0.2925951480865478,"1,2,1,2,2,1,2,1,2,1,2",0.2925951480865478,9.732083082199097,9.744474506378173,0,0,4,"1,1,1,3,2,2,2,3,6,6,6",0.0,0.0044770240783691,0.0044679641723632,0.0,0.0,0.2047171592712402,3,3,2,0,0,3,0.0044770240783691,-9.059906005900141e-06,-0.0044679641723632,0.0,0.2047171592712402,1,XIAOMI-10MI3
212,0.0511200428009033,"1,1,1",0.0511200428009033,9.657940149307253,9.658620436986288,0,0,6,"1,1,2,2,2,3,4,5,6,6,6",0.0,0.001127004623413,0.0050611495971679,0.0080351829528808,0.0140199661254882,0.0302910804748535,2,3,1,1,1,3,0.001127004623413,0.0039341449737549,0.0029740333557129,0.005984783172607399,0.016271114349365297,0,XIAOMI-10MI3
213,0.0484480857849121,"1,2,1,1,2,2",0.0484480857849121,9.74380898475647,9.744260708491007,0,0,6,"1,3,2,2,3,4,5,6,6,6,6,6,6",0.0,8.702278137207031e-05,2.9087066650390625e-05,0.0046710968017578,0.0099389553070068,0.0209269523620605,1,2,2,1,1,6,8.702278137207031e-05,-5.793571472167969e-05,0.00464200973510741,0.005267858505248999,0.010987997055053699,1,XIAOMI-10MI3
214,0.048624038696289,"1,2,1,2",0.048624038696289,9.691695928573608,9.69214940071106,0,0,6,"1,2,2,2,3,3,3,4,5,6,6,6,6",0.0,0.002450942993164,0.0046730041503906,0.0083179473876953,0.0153670310974121,0.0184259414672851,1,3,3,1,1,4,0.002450942993164,0.0022220611572266,0.0036449432373047005,0.0070490837097168,0.003058910369873,0,XIAOMI-10MI3
215,0.0651628971099853,"1,1,1",0.0651628971099853,9.722797870635986,9.734749555587769,0,0,3,"2,3,2,3,6,6",0.0,0.0,0.0008449554443359,0.0,0.0,0.0218069553375244,0,2,2,0,0,2,0.0,0.0008449554443359,-0.0008449554443359,0.0,0.0218069553375244,1,XIAOMI-10MI3
